Author,Date ,Journal,stream,gpp_gm2d,er_gm2d,q_Ls
Acuna et al,2007,J N Am Benthol Soc,Fuirosos,0.093754883,1.166727434,148
Acuna et al,2007,J N Am Benthol Soc,Fuirosos,0.13542372,0.708370228,148
Acuna et al,2007,J N Am Benthol Soc,Fuirosos,0.083337674,1.312568363,148
Acuna et al.,2004,Freshwater Biol,Fuirosos,0.75,4.63,60
Aristegi et al. ,2009,Hydrobiologia,9 Spanish Streams,8.5,10.6,1100
Atkinson et al. ,2008,J N Am Benthol Soc,Creightons creek tributaries,0.15,0.98,26
Atkinson et al. ,2008,J N Am Benthol Soc,Creightons creek tributaries,0,0.65,47
Atkinson et al. ,2008,J N Am Benthol Soc,Creightons creek tributaries,0.49,3.7,608
Atkinson et al. ,2008,J N Am Benthol Soc,Creightons creek tributaries,0.063,1,532
Atkinson et al. ,2008,J N Am Benthol Soc,Creightons creek tributaries,0.18,0.93,25
Atkinson et al. ,2008,J N Am Benthol Soc,Creightons creek tributaries,0.36,0.83,47
Atkinson et al. ,2008,J N Am Benthol Soc,Creightons creek tributaries,0.42,3,805
Betts and Jones,2009,Arct Antarct Alp Res,C2,1.5,4.5,31
Betts and Jones,2009,Arct Antarct Alp Res,C4,0.9,1.2,75
Betts and Jones,2009,"Arctic, antarctiv and alpine research",P6 burned,2.4,6.6,40
Bott et al,2006,Ecosystems,"Big Springs, Forest",0.7,4.6,30
Bott et al,2006,Ecosystems,"Big Springs, Meadow",1.6,10.5,20
Bott et al,2006,Ecosystems,"Birch Run, Forest",1,4,105
Bott et al,2006,Ecosystems,"Birch run, Meadow",3,4.7,65
Bott et al,2006,Ecosystems,"Buck and Doe Run, Forest",1.6,3.2,2065
Bott et al,2006,Ecosystems,"Buck and Doe run, Meadow",3.5,5.2,1210
Bott et al,2006,J N Am Benthol Soc,Bushkill,4.2,8,1790
Bott et al,2006,J N Am Benthol Soc,Cross,0.9,3,115
Bott et al,2006,Ecosystems,"Doe Wister, Forest",2.7,5.1,260
Bott et al,2006,Ecosystems,"Doe Wister, Meadow",4.7,5.5,195
Bott et al,2006,J N Am Benthol Soc,Esopus,3.9,8,3035
Bott et al,2006,Ecosystems,"Fishers, Forest",1,2.8,120
Bott et al,2006,Ecosystems,"Fishers, Meadow",1.8,2.8,145
Bott et al,2006,Ecosystems,"Gramies, Forest",1.1,1.9,20
Bott et al,2006,Ecosystems,"Grammies, Meadow",3.3,4.25,30
Bott et al,2006,Ecosystems,"Hannums, Forest",0.51,2.3,12
Bott et al,2006,Ecosystems,"Hannums, Meadow",1.3,5,11
Bott et al,2006,J N Am Benthol Soc,Kisco,0.2,0.8,245
Bott et al,2006,J N Am Benthol Soc,Croton,1.2,6,90
Bott et al,2006,Ecosystems,"Moorheads, Forest",0.6,3.8,14
Bott et al,2006,Ecosystems,"Moorheads, Meadow",3.2,6,13
Bott et al,2006,J N Am Benthol Soc,Muscoot,0.4,2.5,65
Bott et al,2006,J N Am Benthol Soc,Neversink,2.5,8,1390
Bott et al,2006,Ecosystems,"Pocopson, Forest",0.9,2.9,145
Bott et al,2006,Ecosystems,"Pocopson, Meadow",1.3,4.2,125
Bott et al,2006,J N Am Benthol Soc,Rondout,3.5,4,3150
Bott et al,2006,J N Am Benthol Soc,Schoarie,2.1,4,500
Bott et al,2006,Ecosystems,"Teters, Forest",0.65,2,19
Bott et al,2006,Ecosystems,"Teters, Meadow",2.25,4.5,25
Bott et al,2006,Ecosystems,"West Branch White Clay Cr, Meadow",1,4.4,7
Bott et al,2006,J N Am Benthol Soc,West Branch Deleware,3.2,5,1540
Bott et al,2006,Ecosystems,"West Branch White Clay Cr, Forest",0.3,3.6,8
Bott et al,2006,Ecosystems,"Wests, Forest",0.5,3.2,12
Bott et al,2006,Ecosystems,"Wests, Meadow",0.9,6.1,12
Bott et al,1978,Hydrobiologia,White Clay Cr,1.62,3.34,
Bott et al,2006,Ecosystems,"White Clay Cr, Forest",1.2,2.7,65
Bott et al,2006,Ecosystems,"White clay cr, Meadow",2.01,5,90
Capblancq & Lanvandier,1975,Annl. Limnol. ,Pyrenee mountain stream,1.6,8,
Chessman,1985,Aust J Mar Fresh Res,La Trobe River,1.025,3.8,
Colangelo,2007,Freshwater Biol,Kissimmee River,0.43,1.61,36595
De la Cruz & Post,1977,Archiv Hydrobiol. ,Catahoula Creek,16.21,28.98,
Dodds et al.,2008,J. of geophysical research,Kansas River,8.4,12.12,14360
Duffer and Dorris,1966,Limnol. Oceanogr. ,Blue River Reach 12-13,3.01,7.67,
Duffer and Dorris,1966,Limnol. Oceanogr. ,Blue River Reach 5-6,6.85,10.96,
Duffer and Dorris,1966,Limnol. Oceanogr. ,Blue River Reach 6-7,21.37,12.6,
Edwards & Meyer,1987,Freshwater Biol,Ogeechee River,7.25,7.6,200000
Edwards & Owens,1962,J Ecol,Ivel,9.6,8.5,
Elosegui and Pozo,1998,Aquatic Science,Aguera stream reach 5,6.5,3.53,393
Elosegui and Pozo,1998,Aquatic Science,Aguera stream reach 5,3.03,2.19,903
Elosegui and Pozo,1998,Aquatic Science,Aguera stream reach 5,8.62,13.5,144
Elosegui and Pozo,1998,Aquatic Science,Aguera stream reach 5,0.1,2.44,1242
Elosegui and Pozo,1998,Aquatic Science,Aguera stream reach 7,6.1,1.96,625
Elosegui and Pozo,1998,Aquatic Science,Aguera stream reach 7,7.8,3.06,1693
Elosegui and Pozo,1998,Aquatic Science,Aguera stream reach 7,6.04,5.34,179
Elosegui and Pozo,1998,Aquatic Science,Aguera stream reach 7,0.1,2.08,2318
Fellows et al,2001,Limnol Oceanogr,Gallina Cr,1.7,14.7,1
Fellows et al,2001,Limnol Oceanogr,Gallina Cr,0.2,6.7,3
Fellows et al,2001,Limnol Oceanogr,Rio Calaveras,0.6,2.3,1
Fellows et al,2001,Limnol Oceanogr,Rio Calaveras,0.5,2.9,1
Fellows et al,2006,Ecosystems,East Fork Walker Branch,0.12,3.81,1
Fellows et al,2006,Ecosystems,Gallina Cr,1.4,3.03,1
Fellows et al,2006,Ecosystems,Hugh White Cr,0.05,0.99,3
Fellows et al,2006,Ecosystems,Rio Calaveras,0.46,0.78,1
Fisher and Carpenter,1976,Hydrobiologia,Fort River,1.78,3.65,1
Flemer,1970,Hydrobiologia,Raritan River,4.7,4.5,
Flemer,1970,Hydrobiologia,Raritan River,9.9,7.3,
Flemer,1970,Hydrobiologia,Raritan River,11.6,9.8,
Gawne et al,2007,Riv Res Applic,"Albury, Murray river",1.59,2.07,169800
Gawne et al,2007,Riv Res Applic,Barhma,2.71,3.08,53335
Gawne et al,2007,Riv Res Applic,Hattah,2.27,2.27,75374
Gucker & Pusch,2006,Limnol. Oceanogr. ,Demnitzer Mill Brook Wastewater impacted,2.6,35.1,22
Gucker & Pusch,2006,Limnol. Oceanogr. ,Demnitzer Mill Brook Reference,3.74,24.3,23
Gucker & Pusch,2006,Limnol. Oceanogr. ,Erpe Mill Brook Reference,8.47,12.4,164
Gucker & Pusch,2006,Limnol. Oceanogr. ,Erpe Mill Brook Wastewater impacted,27.53,59.2,511
Gucker et al,2009,FWB,Ag meandering,0.8,3.2,2.7
Gucker et al,2009,FWB,Ag run,0.8,2.2,33
Gucker et al,2009,FWB,Ag swamp,0.4,4.3,8.8
Gucker et al,2006,J N Am Benthol Soc,Demnitzer Mill Brook Reference,7.03,20.7,23
Gucker et al,2006,J N Am Benthol Soc,Demnitzer Mill Brook Wastewater impacted,19.3,32.3,22
Gucker et al,2006,J N Am Benthol Soc,Erpe Mill Brook Reference,11.36,16.3,164
Gucker et al,2006,J N Am Benthol Soc,Erpe Mill Brook Wastewater impacted,16.36,33.6,511
Gucker et al,2009,FWB,Pristine meandering,0.3,6.2,3.5
Gucker et al,2009,FWB,Pristine swamp,0.05,8,1.4
Gucker et al,2009,FWB,Pristirne run,0.2,5.6,27
Hall,1972,Ecology,New Hope Creek,0.8,1.3,4000
Hall and Tank,2003,Limnol Oceanogr,Bailey Cr,1.04,2.02,118
Hall and Tank,2003,Limnol Oceanogr,Ditch Cr,1.94,6.45,231
Hall and Tank,2003,Limnol Oceanogr,Glade Cr trib,1.08,13.3,149
Hall and Tank,2003,Limnol Oceanogr,Lizard Cr,0.6,4.1,25
Hall and Tank,2003,Limnol Oceanogr,Moose-Wilson rd Cr,0.18,6.05,35
Hall and Tank,2003,Limnol Oceanogr,North Moran Bay Cr,0.35,5.76,9
Hall and Tank,2003,Limnol Oceanogr,Paintbrush Canyon Cr,0.31,1.87,4
Hall and Tank,2003,Limnol Oceanogr,Pilgrim Creek,0.24,0.97,46
Hall and Tank,2003,Limnol Oceanogr,Pilgrim Creek,0.13,1.59,12
Hall and Tank,2003,Limnol Oceanogr,Spread Cr,3.11,8.37,87
Hall and Tank,2003,Limnol Oceanogr,Two Ocean lake outlet,1.63,8.77,144
Hall et al.,2003,Front Ecol Environ,Polecat Creek,11.9,10.3,2000
Hall et al.,2003,Front Ecol Environ,Polecat Creek,9.3,11.7,1000
Hall et al.,2003,Front Ecol Environ,Polecat Creek,10.5,14,1000
Hamilton et al. ,2001,Biogeochemistry,Eagle Cr,0.8,6.4,263
Hoellein et al,2007,Limnol. Oceanogr. ,Shane,0,4.3,40
Hoellein et al,2007,Limnol. Oceanogr. ,Slate,0.9,7.6,68
Hoellein et al,2007,Limnol. Oceanogr. ,Walton,0.2,4.4,46
"Hornberger, Kelly & Cosby",1977,Water Res,Baker,,,1800
"Hornberger, Kelly & Cosby",1977,Water Res,Mechums,,,800
"Hornberger, Kelly & Cosby",1977,Water Res,Rappahannock,,,22000
"Hornberger, Kelly & Cosby",1977,Water Res,Rivanna,,,2400
"Hornberger, Kelly & Cosby",1977,Water Res,Rivanna,,,550
"Hornberger, Kelly & Cosby",1977,Water Res,South River,,,1400
Houser et al,2005,J N Am Benthol Soc,Chattahoochee river tributaries,0.12,2.2,10
Houser et al,2005,J N Am Benthol Soc,Chattahoochee river tributaries,0.1,1.8,8
Houser et al,2005,J N Am Benthol Soc,Chattahoochee river tributaries,0.15,3.6,17
Houser et al,2005,J N Am Benthol Soc,Chattahoochee river tributaries,0.3,5,25
Houser et al,2005,J N Am Benthol Soc,Chattahoochee river tributaries,0.2,2.2,10
Houser et al,2005,J N Am Benthol Soc,Chattahoochee river tributaries,0.15,2,8
Houser et al,2005,J N Am Benthol Soc,Chattahoochee river tributaries,0.28,4.2,17
Houser et al,2005,J N Am Benthol Soc,Chattahoochee river tributaries,0.41,4.2,25
Houser et al,2005,J N Am Benthol Soc,Chattahoochee river tributaries,0.08,2.5,10
Iwata et al,2007,Limnology,Ai S. ,4.26,4.14,200
Iwata et al,2007,Limnology,Ani S. ,6.4,16.91,420
Iwata et al,2007,Limnology,Byodo S. ,7.71,14.27,740
Iwata et al,2007,Limnology,Fuji S. ,2.59,6.7,70
Iwata et al,2007,Limnology,Hi R. ,1.97,9.686,3150
Iwata et al,2007,Limnology,Higashihanawa S. ,6.47,11.43,10
Iwata et al,2007,Limnology,Hirusawa S.,5.84,9.6,430
Iwata et al,2007,Limnology,Hirusawa S.,3.89,11.31,340
Iwata et al,2007,Limnology,Kamata S.,1.9,6.69,1150
Iwata et al,2007,Limnology,Kamata S.,11.99,15.37,2630
Iwata et al,2007,Limnology,Kurosawa S.,11.86,14.64,650
Iwata et al,2007,Limnology,Nagare S. ,4.53,8.33,1750
Iwata et al,2007,Limnology,Nigori S. ,1.17,15.51,1560
Iwata et al,2007,Limnology,Nishi S. ,11.71,18.31,340
Iwata et al,2007,Limnology,Omo R.,5.79,13.17,1360
Iwata et al,2007,Limnology,Omo R.,3.83,9.13,5120
Iwata et al,2007,Limnology,Otouto S. ,8.64,20.16,420
Iwata et al,2007,Limnology,Sanno S. ,5.63,10.89,1660
Iwata et al,2007,Limnology,Shimoda S. ,4.93,9.83,220
Iwata et al,2007,Limnology,Shinmei S.,22.21,33.5,130
Iwata et al,2007,Limnology,Shinmei S.,6.74,10.175,490
Iwata et al,2007,Limnology,Takisawa S. ,12.53,23.8,2010
Iwata et al,2007,Limnology,Yoko S. ,5.2,13.31,1410
Izagirre et al. ,2008,J N Am Benthol Soc,Aitzu,3.5,8.8,1260
Izagirre et al. ,2008,J N Am Benthol Soc,Aizarnazabal,11,17.2,6270
Izagirre et al. ,2008,J N Am Benthol Soc,Alegia,4.4,12.5,6960
Izagirre et al. ,2008,J N Am Benthol Soc,Altzola,6.4,42.6,9470
Izagirre et al. ,2008,J N Am Benthol Soc,Amorebieta,2.8,9.8,5550
Izagirre et al. ,2008,J N Am Benthol Soc,Balmaseda,6.2,15.2,4380
Izagirre et al. ,2008,J N Am Benthol Soc,Berastegi,4.4,36.9,1140
Izagirre et al. ,2008,J N Am Benthol Soc,Berriatua,2.7,6.6,1050
Izagirre et al. ,2008,J N Am Benthol Soc,Elorrio,4.1,15.4,570
Izagirre et al. ,2008,J N Am Benthol Soc,Erenozu,3.9,9.2,4680
Izagirre et al. ,2008,J N Am Benthol Soc,Estanda,4.1,15.1,960
Izagirre et al. ,2008,J N Am Benthol Soc,Gardea,6.6,12.5,2490
Izagirre et al. ,2008,J N Am Benthol Soc,Herrerias,3.1,10.6,3650
Izagirre et al. ,2008,J N Am Benthol Soc,Leitzaran,7.7,21.7,4760
Izagirre et al. ,2008,J N Am Benthol Soc,Lesarte,6.3,13.5,22740
Izagirre et al. ,2008,J N Am Benthol Soc,Muxika,3,6.8,520
Izagirre et al. ,2008,J N Am Benthol Soc,Oiartzun,4.6,6.3,1690
Izagirre et al. ,2008,J N Am Benthol Soc,Oleta,3.3,17.1,1660
Izagirre et al. ,2008,J N Am Benthol Soc,Onati,4.1,16.8,3430
"Kaenel, Buehrer & Uehlinger",2000,Freshwater Biol,Muhlibach,12.5,8.9,1200
Logue et al,2004,Limnol Oceanogr,Alpine open canopy streams,4.5,8.4,
Logue et al,2004,Limnol Oceanogr,Alpine open canopy streams,5.4,9.9,
Lottig et al,2007,Limnol. Oceanogr. ,Brighton Arsenic Mine Affected,0,3.3,2.4
Lottig et al,2007,Limnol. Oceanogr. ,Brighton Arsenic Mine Reference,0,4.4,1.7
"Marzolf, Mulholland & Steinman",1994,Can J Fish Aquat Sci,Walker Branch,1.4,6.5,12
McTammany et al,2007,J N Am Benthol Soc,Appalachian Streams,0.645,5.75,75
McTammany et al,2003,J N Am Benthol Soc,Little Tennessee River,3.18,4.065,12900
Meyer,1990,Bioscience,Ogeechee River,0.8,4.1,200000
Meyer & Edwards,1990,Ecology,Black Creek,3.7,5.95,2000
Meyer et al,2005,J N Am Benthol Soc,Flat Shoals,0.43,7.6,11
Meyer et al,2005,J N Am Benthol Soc,NickJack,0.76,8.72,10
Meyer et al,2005,J N Am Benthol Soc,Peachtree,1.82,8.28,15
Meyer et al,2005,J N Am Benthol Soc,Rottenwood,0.89,1.31,11
Meyer et al,2005,J N Am Benthol Soc,Snake,1.19,5.23,1254
Meyer et al,2005,J N Am Benthol Soc,Sope,2.38,2.77,10
Molla et al,1996,Arch Hydrobiol,Montesina Stream,2.4,2.2,
Mulholland et al.,2001,Freshwater Biol,Bear Brook,0.2,7.1,2
Mulholland et al.,2001,Freshwater Biol,Eagle Cr,0.7,6.8,198
Mulholland et al.,2001,Freshwater Biol,Mack Cr,1.9,11,60
Mulholland et al.,2001,Freshwater Biol,Quebrada Bisley,0.1,7.9,17
Mulholland et al.,2001,Freshwater Biol,Sycamore Creek,15,8.2,31
Mulholland et al.,2001,Freshwater Biol,Walker Branch,1.2,5.5,8
Mulholland et al. ,2006,J N Am Benthol Soc,East Fork Walker Branch,0.5,5.2,15
Mulholland et al. ,2006,J N Am Benthol Soc,East Fork Walker Branch,0.1,3.9,15
Mulholland et al. ,2006,J N Am Benthol Soc,East Fork Walker Branch,0.9,6,15
Mulholland et al. ,2001,Freshwater Biol,Gallina Cr,0.4,7,3
Mulholland et al. ,1997,Limnol. Oceanogr. ,Hugh White Cr,0.21,10.1,19
Mulholland et al. ,2001,Freshwater Biol,South King Cr,1.8,2.4,10
Mulholland et al. ,1997,Limnol. Oceanogr. ,Walker Branch,0.32,4.12,12
Mulholland et al. ,2000,Eco Mono,Walker Branch,1.1,6.3,10
Mulholland et al. ,2006,J N Am Benthol Soc,West Fork Walker Branch,2,2.2,15
Mulholland et al. ,2006,J N Am Benthol Soc,West Fork Walker Branch,4.7,4.7,15
Mulholland et al. ,2006,J N Am Benthol Soc,West Fork Walker Branch,5.1,3.8,15
Mulholland et al. ,2006,J N Am Benthol Soc,West Fork Walker Branch,0.2,1.9,15
Oliver and Merrick,2006,Freshwater Biol,"Albury, Murray river",2.12,2.5,138000
Oliver and Merrick,2006,Freshwater Biol,Barhma,2.12,3.52,112000
Oliver and Merrick,2006,Freshwater Biol,Hattah,2.12,2.39,84000
Ortiz-Zayas et al,2005,J N Am Benthol Soc,Rio Mameyes,0.67,3.7,1500
Roberts et al,2007,Ecosystems,West Fork Walker Branch,1.34,4.51,31
Roberts et al,2007,Ecosystems,West Fork Walker Branch,1.42,3.54,31
Ruggiero et al,2006,Annl. Limnol.-Int. J. Lim. ,Fosso Bagnatore-reach above sewer plant,1.3,5.4,350
Ruggiero et al,2006,Annl. Limnol.-Int. J. Lim. ,Fosso Bagnatore-reach bellow sewer plant,0.3,29.3,350
Sanchez-Perez et al,2009,Ann. Limnol-Int J Lim,Lezat,5.9,37.6,163
Sanchez-Perez et al,2009,Ann. Limnol-Int J Lim,Lezat,0,5.1,159
Sanchez-Perez et al,2009,Ann. Limnol-Int J Lim,Montegue,3.6,7.1,66
Sanchez-Perez et al,2009,Ann. Limnol-Int J Lim,Montegue,3.3,4.2,101
Snyder & Minshall,2005,Aquatic Science,Kootenai River,3.54,8.94,200000
Snyder & Minshall,2005,Aquatic Science,Kootenai River,4.64,12.24,200000
Snyder & Minshall,2005,Aquatic Science,Kootenai River,3.4,6.23,200000
Snyder & Minshall,2005,Aquatic Science,Kootenai River,6.93,11.36,200000
Suarez and Vidal-Abarca,2000,Verh. Internat. Verein. Limnol. ,Chicamo Stream,4.065,3.77,7
Suarez and Vidal-Abarca,2000,Verh. Internat. Verein. Limnol. ,Chicamo Stream,2.37,2.4075,2
Suarez and Vidal-Abarca,2000,Verh. Internat. Verein. Limnol. ,Chicamo Stream,1.55,1.68,4
Suarez and Vidal-Abarca,2000,Verh. Internat. Verein. Limnol. ,Chicamo Stream,2.33,2.89,2
Tank et al,2000,Limnol. Oceanogr. ,Upper Ball Cr. ,0.06,32.3,56
"Taylor, Flecker & Hall",2006,Sceince,Rio Las Marias,1.58,2.89,462
Uehlinger,1993,Arch Hydrobiol,Glatt Lake outlet,5.8,8.2,
Uehlinger,2000,Freshwater Biol,River Necker,0.47,0.76,46700
Uehlinger,2006,Freshwater Biol,River Thur,5,6.2,48700
Uehlinger,2000,Freshwater Biol,Thur,0.63,0.86,4600
Uehlinger & Naegeli,1998,J N Am Benthol Soc,River Necker,2.12,3.5,4600
Uehlinger et al ,2003,Aquatic Science,River Spol,2.6,2.5,
"Uehlinger, Naegeli & Fisher",2002,W N Am Nat,Hassayampa,0.6,1.65,
Vink et al,2005,Mar Freshw Res,Darlington Point,1.71,1.9,22000
Vink et al,2005,Mar Freshw Res,Gundagai,0.08,0.33,88000
Vink et al,2005,Mar Freshw Res,Narrandera,0.65,0.71,57000
Vink et al,2005,Mar Freshw Res,Wagga Wagga,0.51,0.7,90000
von Schiller et al,2008,Freshwater Biol,Aiguaviva Park,0.11,0.28,1
von Schiller et al,2008,Freshwater Biol,Castanyet,0.02,0.4,27
von Schiller et al,2008,Freshwater Biol,Font del Regas,0.05,0.96,48
von Schiller et al,2008,Freshwater Biol,Fuirosos,0.85,0.71,13
von Schiller et al,2008,Freshwater Biol,Gualba,0.57,1.22,65
von Schiller et al,2008,Freshwater Biol,Montbarbat,0.01,0.41,2
von Schiller et al,2008,Freshwater Biol,Residential Park,1.19,2.42,1
von Schiller et al,2008,Freshwater Biol,Riells,0.15,0.34,51
von Schiller et al,2008,Freshwater Biol,Riudarenes,1.52,2.22,24
von Schiller et al,2008,Freshwater Biol,Sant Celoni,0.1,1.95,22
von Schiller et al,2008,Freshwater Biol,Santa Coloma Notre,0.53,2.29,35
von Schiller et al,2008,Freshwater Biol,Santa Coloma Notre,0.48,1,130
von Schiller et al,2008,Freshwater Biol,Santa Fe,0.25,1.34,49
Wilcock,1998,New Zeal J Mar Fresh,28 streams ,0.94,,
Young & Huryn,1999,Ecol Appl,Big,1.4,2.3,122
Young & Huryn,1999,Ecol Appl,Lee,1.2,2,282
Young & Huryn,1999,Ecol Appl,Powder,0.6,5.3,44
Young & Huryn,1999,Ecol Appl,Sutton,0.8,4.6,235
Young & Huryn,1996,Can J Fish Aquat Sci,Taieri River,4.95,5.25,
Young & Huryn,1999,Ecol Appl,Three O'clock,3.6,2.6,121
Bernot et al.,2010,Freshwater Biol,Cart Creek,0.2,3.8,4.815429728
Bernot et al.,2010,Freshwater Biol,IS_104,0.7,9.1,2.053862075
Bernot et al.,2010,Freshwater Biol,Boxford,0.05,14.6,12.16088607
Bernot et al.,2010,Freshwater Biol,Runaway Brook,7.3,11,0.653174097
Bernot et al.,2010,Freshwater Biol,Long Meadow Brook,3.9,8.2,2.390198717
Bernot et al.,2010,Freshwater Biol,Gravelly Brook,0.2,11.3,1.981977674
Bernot et al.,2010,Freshwater Biol,Black Brook,0.6,4.5,120.1483733
Bernot et al.,2010,Freshwater Biol,Sawmill Brook,0.05,1.2,4.933755656
Bernot et al.,2010,Freshwater Biol,IS_118,0.1,4,11.34020862
Bernot et al.,2010,Freshwater Biol,Hugh White Creek,0.1,2.2,19.35621863
Bernot et al.,2010,Freshwater Biol,Hoglot Branch,0.3,1.6,52.66754164
Bernot et al.,2010,Freshwater Biol,Crawford Branch,3,6.5,45.03157641
Bernot et al.,2010,Freshwater Biol,Big Hurricane Branch,0.1,3.4,12.2155462
Bernot et al.,2010,Freshwater Biol,Jerry Branch,0.5,4.5,26.46016634
Bernot et al.,2010,Freshwater Biol,Mud Creek,0.1,7.8,51.77810791
Bernot et al.,2010,Freshwater Biol,Cunningham Creek,0.05,5.2,49.29693176
Bernot et al.,2010,Freshwater Biol,Blacks Branch,0.5,8.7,189.4032604
Bernot et al.,2010,Freshwater Biol,Sugarloaf Creek,0.1,17.9,79.83597457
Bernot et al.,2010,Freshwater Biol,Sand Creek,0.2,2,4.850896398
Bernot et al.,2010,Freshwater Biol,STEINKE DRAIN,0.8,1.3,1.662371828
Bernot et al.,2010,Freshwater Biol,DORR,0.7,8.7,35
Bernot et al.,2010,Freshwater Biol,Bullet,1.6,15.6,6.483201662
Bernot et al.,2010,Freshwater Biol,Buskirk,0.1,5.6,6
Bernot et al.,2010,Freshwater Biol,Wayland,1.8,4.1,11.68860257
Bernot et al.,2010,Freshwater Biol,Honeysuckle,0.1,7.9,99.38373769
Bernot et al.,2010,Freshwater Biol,Bellingham,0.9,4.1,22.94613539
Bernot et al.,2010,Freshwater Biol,Arcadia,0.8,14.1,110.1019866
Bernot et al.,2010,Freshwater Biol,Kings Creek N4D,1.8,3.1,13.40711488
Bernot et al.,2010,Freshwater Biol,Agnorth,8,7.6,0.239558405
Bernot et al.,2010,Freshwater Biol,Campus Creek,0.3,0.5,2.899001929
Bernot et al.,2010,Freshwater Biol,K2A ,1.9,2.6,26.3221529
Bernot et al.,2010,Freshwater Biol,Natalie Creek,0.2,1.1,1.300007416
Bernot et al.,2010,Freshwater Biol,Walmart Ditch,11.9,6.7,1.552480554
Bernot et al.,2010,Freshwater Biol,Shane Creek,1.5,1.9,4.356897629
Bernot et al.,2010,Freshwater Biol,Swine,3.9,2.8,5.433693527
Bernot et al.,2010,Freshwater Biol,Little Kitten,1,0.9,20.09851361
Bernot et al.,2010,Freshwater Biol,Ditch,2.8,4,55.69246316
Bernot et al.,2010,Freshwater Biol,Giltner,16.2,11.4,158.4645833
Bernot et al.,2010,Freshwater Biol,Golf,4.2,10,110.0485605
Bernot et al.,2010,Freshwater Biol,Two Oceans,2.9,12.6,64.50152735
Bernot et al.,2010,Freshwater Biol,Headquarters,3.3,7.1,131.0617472
Bernot et al.,2010,Freshwater Biol,Teton Pines,2.7,1.5,9.487999413
Bernot et al.,2010,Freshwater Biol,Spread,3.2,9.8,267.8495478
Bernot et al.,2010,Freshwater Biol,Kimball,13.6,12,153.8458177
Bernot et al.,2010,Freshwater Biol,FISH,7.3,0,102.938053
Bernot et al.,2010,Freshwater Biol,Agua Fria,3.9,12,11.92014867
Bernot et al.,2010,Freshwater Biol,Bernalillo drain,8.8,7.1,23.52707258
Bernot et al.,2010,Freshwater Biol,Rio Rancho,6.5,10,17.82132375
Bernot et al.,2010,Freshwater Biol,Rio Salado,3.5,23.1,5.763714536
Bernot et al.,2010,Freshwater Biol,Rio Puerco,1.6,0.9,2.464711065
Bernot et al.,2010,Freshwater Biol,San Pedro,3.3,5.3,4.039339394
Bernot et al.,2010,Freshwater Biol,Sycamore Ck,2.8,3.9,21.27951552
Bernot et al.,2010,Freshwater Biol,Tempe Town lake,3.3,5.6,17.97188432
Bernot et al.,2010,Freshwater Biol,Oak,0.4,1,7.533336346
Bernot et al.,2010,Freshwater Biol,Oak,1,1,5.544788482
Bernot et al.,2010,Freshwater Biol,Oak,0.8,6.9,5.6148315
Bernot et al.,2010,Freshwater Biol,Mack,0.2,4.8,30.71204135
Bernot et al.,2010,Freshwater Biol,Camp,0.3,4.9,113.4015174
Bernot et al.,2010,Freshwater Biol,Amazon,2.8,4.9,24.98651387
Bernot et al.,2010,Freshwater Biol,Potts,0.3,14.3,19.00012696
Bernot et al.,2010,Freshwater Biol,Courtney,3,4,34.6829784
Bernot et al.,2010,Freshwater Biol,Periwinkle,11.8,9.8,2.721815964
Bernot et al.,2010,Freshwater Biol,Bisley,0.05,2.4,12.51905864
Bernot et al.,2010,Freshwater Biol,Grande,5.2,7.6,12.34733924
Bernot et al.,2010,Freshwater Biol,Petunia,0.3,4.6,4.674364927
Bernot et al.,2010,Freshwater Biol,RIT,0.5,4.5,19.95959071
Bernot et al.,2010,Freshwater Biol,Maizales,7.3,5.3,24.95067155
Bernot et al.,2010,Freshwater Biol,Mtrib,7.1,7.4,23.24620779
Bernot et al.,2010,Freshwater Biol,Pared,0.4,0.4,5.159614929
Bernot et al.,2010,Freshwater Biol,Vaca,3.1,15.7,111.914037
Bernot et al.,2010,Freshwater Biol,Ceiba,9.3,11.7,49.47072123
Acuna,2011,JNABS,LaChoza,16.34,21.45,15
Beaulieu,2013,Freshwater Science,Shepherd,1.43,-5.2,3.25
Townsend,2011,JNABS,Daly,2.9,5.34,24000
Townsend,2011,JNABS,Douglas2,1.9,4.53,400
Townsend,2011,JNABS,Douglas4,1.33,2.93,2000
Townsend,2011,JNABS,Hayes,2.22,3.6,1000
Genzoli,2013,UW thesis,Kalmath/I5,13,9.9,29000
Genzoli,2013,UW thesis,Klamath/SV,7.1,4.3,33000
Genzoli,2013,UW thesis,Klamath/WE,11.4,9.3,44000
Genzoli,2013,UW thesis,Klamath/KAT,4,4.3,72000
Hall,2013,unpublished,Spring Creek,5.3,6.6,60
Dodds,2013,Freshwater Science,Chattahoochee,0.920779221,1.836363636,57000
Dodds,2013,Freshwater Science,Mississippi,0.583116883,2.481818182,17814000
Benson,2013,Hydrobiologia,Chena1,3.25,8.95,42000
Benson,2014,Hydrobiologia,Chena2,2.25,5.8,44500
Benson,2015,Hydrobiologia,Chena3,1.85,6.1,47000
Benson,2013,Hydrobiologia,Chena4,1.95,5.9,47500
Davis,2012,River Research and Applications,SFHumboldt,15.66666667,10.73333333,3000
Heffernan,2010,L&O,Ichetucknee,10,8.5,8900
Holtgrieve,2011,Ecology,Pick,4,9.3,420
Hunt,2012,Freshwater Biol,MCC,2.12,4.47,27200
Hunt,2013,Freshwater Biol,GMB,2.28,4.41,115000
Hunt,2014,Freshwater Biol,KGS,4.11,17.4,226000
Rasmussen,2011,aquatic ecology,s1,13,25.5,26
Rasmussen,2012,aquatic ecology,s2,9.6,14.7,31
Rasmussen,2013,aquatic ecology,s3,2.4,9.4,43
Rasmussen,2014,aquatic ecology,s4,0.66,5.6,22
Rosa,2012,Environ Poll,Agua Limpia R,1.7,5.4,78
Rosa,2012,Environ Poll,Agua Limpia I,4.9,10.2,83
Rosa,2012,Environ Poll,Correlas R,1.5,4.2,131
Rosa,2012,Environ Poll,Correlas I,1.1,9.3,135
Rosa,2012,Environ Poll,Chaparrals R,0.2,2.7,138
Rosa,2012,Environ Poll,Chaparrals I,2.7,8.4,141
Silvia Junior,2014,Ecological Indicators,AL,1.6,5.2,3.2
Silvia Junior,2014,Ecological Indicators,B1,0.1,1.8,20
Silvia Junior,2014,Ecological Indicators,B2,0,2.4,16
Silvia Junior,2014,Ecological Indicators,Pa,0.1,2.2,10
Silvia Junior,2014,Ecological Indicators,Ca,0.6,2.2,48
Silvia Junior,2014,Ecological Indicators,Fl,0,1.8,3
Silvia Junior,2014,Ecological Indicators,Ib,0.6,3.1,2
Silvia Junior,2014,Ecological Indicators,Inh,0.7,6.4,259
Silvia Junior,2014,Ecological Indicators,Inv,0.3,4.8,111
Silvia Junior,2014,Ecological Indicators,Na,0.9,3.3,39
Silvia Junior,2014,Ecological Indicators,Pi,0.3,15,258
Silvia Junior,2014,Ecological Indicators,Ac,0.3,5.7,102
Silvia Junior,2014,Ecological Indicators,Ma,0.1,8.7,2
Silvia Junior,2014,Ecological Indicators,SA,1.4,3.3,57
Silvia Junior,2014,Ecological Indicators,Pe,0.5,1.8,22
Silvia Junior,2014,Ecological Indicators,Co,1.3,7.7,80
Griffiths,2013,L&O,Shatto,4.6,10.5,63
