Author_date_code,Stream,State_(USA)_or_country,Reach_descriptor,Date,Isotope_study,Stream_order,Discharge_Ls,Depth_m,Width_m,Velocity_ms,NH4_Cb_ ugNL,NH4_Cp_ugNL,NH4_Sw_m,NH4_Vf_mmmin,NO3_Cb_ugNL,NO3_Cp_ugNL,NO3_Sw_m,NO3_Vf_mmmin
Arp_and_Baker_2007,Beaver,ID,reference,summers_2003-2004,no,NA,334,0.18,5.9,NA,NA,NA,NA,NA,2,17.6,7692,0.44
Arp_and_Baker_2007,Elk,ID,reference,summers_2003-2004,no,NA,303,0.22,6.4,NA,NA,NA,NA,NA,3.7,14.8,2778,1.02
Arp_and_Baker_2007,Fir_1,ID,reference,summers_2003-2004,no,NA,189,0.27,3.8,NA,NA,NA,NA,NA,28.2,42.3,1337,2.23
Arp_and_Baker_2007,Fir_2,ID,reference,summers_2003-2004,no,NA,250,0.24,4.9,NA,NA,NA,NA,NA,51.7,62,390,7.85
Arp_and_Baker_2007,Stanley_Lake_1,ID,reference,summers_2003-2004,no,NA,445,0.16,7.6,NA,NA,NA,NA,NA,12.3,38.1,5882,0.6
Arp_and_Baker_2007,Stanley_Lake_2,ID,reference,summers_2003-2004,no,NA,580,0.27,6.8,NA,NA,NA,NA,NA,8.1,42.9,2128,2.4
Arp_and_Baker_2007,Warm_Springs_1,ID,reference,summers_2003-2004,no,NA,156,0.24,2.3,NA,NA,NA,NA,NA,8.8,23.8,1282,3.17
Arp_and_Baker_2007,Warm_Springs_2,ID,reference,summers_2003-2004,no,NA,177,0.33,4.4,NA,NA,NA,NA,NA,5.7,23.9,541,4.46
Arp_and_Baker_2007,Pettit_Lake_N,ID,lake_inlet,summers_2003-2004,no,NA,69,0.18,4.9,NA,NA,NA,NA,NA,25.3,131.6,1563,0.54
Arp_and_Baker_2007,Pettit_Lake_S,ID,lake_inlet,summers_2003-2004,no,NA,178,0.2,4,NA,NA,NA,NA,NA,17.4,92.2,1370,1.95
Arp_and_Baker_2007,Stanley_Lake_3,ID,lake_inlet,summers_2003-2004,no,NA,670,0.2,12,NA,NA,NA,NA,NA,13.3,39.9,NA,NA
Arp_and_Baker_2007,Warm_Springs_3,ID,lake_inlet,summers_2003-2004,no,2,232,0.32,2.8,NA,NA,NA,NA,NA,5.1,18.4,1754,2.83
Arp_and_Baker_2007,Yellowbelly_1,ID,lake_inlet,summers_2003-2004,no,NA,78,0.21,4.8,NA,NA,NA,NA,NA,7.5,31.5,455,2.14
Arp_and_Baker_2007,Yellowbelly_3,ID,lake_inlet,summers_2003-2004,no,NA,409,0.24,6.1,NA,NA,NA,NA,NA,21,84,345,11.66
Arp_and_Baker_2007,Yellowbelly_5,ID,lake_inlet,summers_2003-2004,no,NA,701,0.38,8.2,NA,NA,NA,NA,NA,24.8,59.5,1785,2.87
Arp_and_Baker_2007,Pettit_Lake,ID,lake_outlet,summers_2003-2004,no,NA,410,0.17,7.9,NA,NA,NA,NA,NA,11.2,30.2,7143,0.44
Arp_and_Baker_2007,Stanley_Lake_4,ID,lake_outlet,summers_2003-2004,no,NA,830,0.41,12.8,NA,NA,NA,NA,NA,1.5,11.3,NA,NA
Arp_and_Baker_2007,Warm_Springs_4,ID,lake_outlet,summers_2003-2004,no,2,167,0.25,9.7,NA,NA,NA,NA,NA,1.2,2.6,NA,NA
Arp_and_Baker_2007,Yellowbelly_2,ID,lake_outlet,summers_2003-2004,no,NA,254,0.23,3.7,NA,NA,NA,NA,NA,13,41.6,NA,NA
Arp_and_Baker_2007,Yellowbelly_4,ID,lake_outlet,summers_2003-2004,no,NA,619,0.43,6.7,NA,NA,NA,NA,NA,15.5,63.6,NA,NA
Arp_and_Baker_2007,Yellowbelly_6,ID,lake_outlet,summers_2003-2004,no,NA,760,0.16,15.4,NA,NA,NA,NA,NA,7.1,24.9,NA,NA
Arp_and_Baker_2007,Hell_Roaring,ID,below_lake,summers_2003-2004,no,NA,610,0.26,7.4,NA,NA,NA,NA,NA,17.1,32.5,2778,1.78
Arp_and_Baker_2007,Stanley_Lake_5,ID,below_lake,summers_2003-2004,no,NA,704,0.15,11.4,NA,NA,NA,NA,NA,4.3,20.6,NA,NA
Arp_and_Baker_2007,Warm_Springs_5,ID,below_lake,summers_2003-2004,no,NA,238,0.23,4.2,NA,NA,NA,NA,NA,1.7,5.3,NA,NA
Arp_and_Baker_2007,Warm_Springs_6,ID,below_lake,summers_2003-2004,no,NA,276,0.36,3.6,NA,NA,NA,NA,NA,4.1,11.9,2681,1.72
Ashkenas_et_al_2004,Mack_Creek,OR,NA,20-Jul-98,yes,3,87.4,0.155,6,0.075,3.6,4,55,12,54.3,54.3,1491,0.44
Ashkenas_et_al_2004,Mack_Creek,OR,NA,10-Aug-98,yes,3,52,0.15,5.1,0.068,2,2,44,11.4,58,58,1261,0.4
Ashkenas_et_al_2004,Mack_Creek,OR,NA,31-Aug-98,yes,3,35,0.15,5.1,0.046,2,2,36,10.8,70,70,1111,0.35
Baker_et_al_unpublished,Springs_Creek,ID,day_1,2-May,yes,2,754,NA,3.85,NA,NA,NA,NA,NA,11,NA,7143,1.64
Baker_et_al_unpublished,Springs_Creek,ID,day_7,2-May,yes,2,576,NA,3.85,NA,NA,NA,NA,NA,11.7,NA,5500,1.63
Baker_et_al_unpublished,Springs_Creek,ID,day_14,2-May,yes,2,488,NA,NA,NA,NA,NA,NA,NA,9.9,NA,3846,1.98
Bernhardt_et_al_2002,Paradise_Brook,NH,NA,13-Jun-99,no,4,3.7,0.078,2.59,0.018,NA,NA,NA,NA,315,NA,70,1.21
Bernhardt_et_al_2002,W2_stream,NH,NA,13-Jul-98,no,1,0.8,0.032,1.64,0.016,NA,NA,NA,NA,4,NA,146,0.21
Bernhardt_et_al_2002,W6_stream,NH,NA,20-Jun-99,no,1,1.4,0.056,1.4,0.018,2,NA,NA,NA,38.1,88,202,0.3
Bernhardt_et_al_2002,W6_stream,NH,NA,20-Jun-99,no,1,1.4,0.056,1.4,0.018,2,17.5,18,3.33,26.6,77,104,0.58
Bernot_et_al_2006,Cobb_Ditch,IN,NA,2002,no/yes,3,575,NA,NA,NA,82.9,NA,778,1.79,2900,NA,2200,2.4
Bernot_et_al_2006,Little_Rabbit_River,MI,NA,2002,no/yes,1,63,NA,NA,NA,25.1,NA,540,1.93,3200,NA,1400,3
Bernot_et_al_2006,Red_Run_Drain,MI,NA,2002,no/yes,1,17,NA,NA,NA,43.6,NA,1111,0.63,600,NA,1900,0.6
Bernot_et_al_2006,Red_Run_Drain,MI,NA,2002,no/yes,1,17,NA,NA,NA,65,NA,800,1.2,NA,NA,NA,NA
Bernot_et_al_2006,Sand_Creek_tributary,MI,NA,2002,no/yes,1,7,NA,NA,NA,8.8,NA,244,2.71,500,NA,800,4.8
Brookshire_et_al_2005,Hugh_White_Creek,NC,NA,3-Jul,no,1,20.7,NA,NA,NA,2,NA,NA,NA,11,NA,357,0.6
Bukaveckas_2007,Wilson,KY,channelized,2002-2003,no,NA,125,0.09,6.8,11.9,NA,NA,NA,NA,375,,20000,0.13
Bukaveckas_2007,Wilson,KY,restored,2003-2004,no,NA,109,0.14,5.5,8.7,NA,NA,NA,NA,456,,617,1.26
Bukaveckas_2007,Harts_Run,KY,reference,2002-2004,no,NA,62,NA,NA,6.1,NA,NA,NA,NA,63,,8333,0.03
Butturini_and_Sabater_1998,Riera_Major,SPAIN,NA,1-Jun-95,no,2,32.8,NA,NA,0.1,16,56,253,NA,440,NA,NA,NA
Butturini_and_Sabater_1998,Riera_Major,SPAIN,NA,22-Jun-95,no,2,24.75,NA,NA,0.07,16,56,114,NA,440,NA,NA,NA
Butturini_and_Sabater_1998,Riera_Major,SPAIN,NA,10-Jul-95,no,2,26.6,NA,NA,0.072,16,56,68,NA,440,NA,NA,NA
Butturini_and_Sabater_1998,Riera_Major,SPAIN,NA,25-Jul-95,no,2,15.8,NA,NA,0.064,16,56,76,NA,440,NA,NA,NA
Butturini_and_Sabater_1998,Riera_Major,SPAIN,NA,26-Aug-95,no,2,87,NA,NA,0.161,16,56,429,NA,440,NA,NA,NA
Butturini_and_Sabater_1998,Riera_Major,SPAIN,NA,7-Sep-95,no,2,44.6,NA,NA,0.13,16,56,158,NA,440,NA,NA,NA
Butturini_and_Sabater_1998,Riera_Major,SPAIN,NA,28-Sep-95,no,2,43.3,NA,NA,0.093,16,56,145,NA,440,NA,NA,NA
Butturini_and_Sabater_1998,Riera_Major,SPAIN,NA,24-Nov-95,no,2,168,NA,NA,0.221,16,56,505,NA,440,NA,NA,NA
Butturini_and_Sabater_1998,Riera_Major,SPAIN,NA,8-Feb-96,no,2,342,NA,NA,0.357,16,56,693,NA,440,NA,NA,NA
Butturini_and_Sabater_1998,Riera_Major,SPAIN,NA,22-Feb-96,no,2,69,NA,NA,0.152,16,56,385,NA,440,NA,NA,NA
Butturini_and_Sabater_1998,Riera_Major,SPAIN,NA,27-Sep-96,no,2,42.6,NA,NA,0.09,16,56,137,NA,440,NA,NA,NA
Davis_and_Minshall_1999,Cliff_Creek,ID,NA,2-Aug-95,no,2,83.3,0.175,2,0.24,10,NA,NA,NA,330,520,1839,1.38
Davis_and_Minshall_1999,Pioneer_Creek,ID,NA,1-Aug-95,no,2,88,0.157,1.94,0.29,5,NA,NA,NA,52,230,549,4.92
Dieterich_and_Anderson_1998,FT1,CA,NA,NA,no,NA,24.7,NA,1.04,NA,NA,NA,NA,NA,NA,NA,114,0.21
Dieterich_and_Anderson_1998,FT1,CA,NA,NA,no,NA,24.7,NA,1.04,NA,NA,NA,NA,NA,NA,NA,111,0.21
Dieterich_and_Anderson_1998,MT1,CA,NA,NA,no,NA,10.3,NA,0.46,NA,NA,NA,NA,NA,NA,NA,64,0.35
Dodds_et_al_unpublished,Kansas_River,KS,NA,NA,yes,NA,14350,NA,NA,NA,6.5,NA,2000,5.7,NA,NA,NA,NA
Dodds_et_al_2002,Kings_Creek,KS,prairie,7-May-98,no,3,2,NA,NA,NA,NA,42,145,0.48,NA,NA,NA,NA
Dodds_et_al_2002,Kings_Creek,KS,prairie,7-May-98,no,3,2,NA,NA,NA,8.7,98,261,0.27,NA,NA,NA,NA
Dodds_et_al_2002,Kings_Creek,KS,prairie,8-Jun-98,no,3,5,NA,NA,NA,8.7,126,66,2.65,NA,NA,NA,NA
Dodds_et_al_2002,Kings_Creek,KS,prairie,8-Jun-99,no,3,5,NA,NA,NA,8.7,1176,248,0.72,NA,NA,NA,NA
Dodds_et_al_2002,Kings_Creek,KS,gallery,5-Jul-99,no,3,29,NA,NA,NA,32.9,686,97,7.15,NA,NA,NA,NA
Dodds_et_al_2002,Kings_Creek,KS,gallery,12-Jul-98,no,3,29,NA,NA,NA,NA,70,91,7.65,NA,NA,NA,NA
Dodds_et_al_2002,Kings_Creek,KS,gallery,12-Jul-98,no,3,29,NA,NA,NA,NA,126,47,2.82,NA,NA,NA,NA
Dodds_et_al_2002,Kings_Creek,KS,gallery,12-Jul-98,no,3,29,NA,NA,NA,NA,336,115,6.03,NA,NA,NA,NA
Dodds_et_al_2002,Kings_Creek,KS,prairie,1-Apr-98,no,3,55,NA,NA,NA,NA,NA,NA,NA,NA,56,168,7.43
Dodds_et_al_2002,Kings_Creek,KS,prairie,22-Jun-98,no,3,4,NA,NA,NA,NA,NA,NA,NA,57.4,210,300,0.52
Dodds_et_al_2002,Kings_Creek,KS,prairie,22-Jun-98,no,3,4,NA,NA,NA,NA,NA,NA,NA,57.4,406,311,0.5
Dodds_et_al_2002,Kings_Creek,KS,prairie,22-Jun-98,no,3,4,NA,NA,NA,NA,NA,NA,NA,57.4,854,402,0.4
Dodds_et_al_2002,Kings_Creek,KS,prairie,22-Jun-98,no,3,4,NA,NA,NA,NA,NA,NA,NA,57.4,1470,225,0.7
Dodds_et_al_2002,Kings_Creek,KS,prairie,4-Apr-98,no,3,47,NA,NA,NA,NA,28,228,5.23,NA,NA,NA,NA
Dodds_et_al_2002,Kings_Creek,KS,prairie,26-Apr-98,yes,3,8,NA,NA,NA,NA,1,24,11.25,NA,NA,NA,NA
Dodds_et_al_2002,Kings_Creek,KS,prairie,11-May-98,yes,3,11,NA,NA,NA,8.7,0,38,6,NA,NA,NA,NA
Dodds_et_al_2002,Kings_Creek,KS,prairie,7-Apr-98,yes,3,48,NA,NA,NA,NA,1,56,23.62,NA,NA,NA,NA
Dodds_et_al_2000,Kings_Creek,KS,NA,7-Apr-98,yes,3,41,NA,2.4,0.045,2,2,228,18.1,3,3,NA,4.9
Dodds_et_al_2000,Kings_Creek,KS,NA,26-Apr-98,yes,3,9,NA,2.4,NA,NA,NA,56,NA,NA,NA,NA,NA
Dodds_et_al_2000,Kings_Creek,KS,NA,11-May-98,yes,3,14,NA,2.4,NA,NA,NA,38,NA,NA,NA,NA,NA
Earl_et_al_2006,Sammy_Creek,VA,NA,28-Apr-03,no,NA,7,0.05,1.36,NA,5,NA,NA,NA,5,5,128,1.57
Earl_et_al_2006,Sammy_Creek,VA,NA,30-Apr-03,no,NA,7,0.05,1.36,NA,5,NA,NA,NA,5,47,181,0.83
Earl_et_al_2006,Sammy_Creek,VA,NA,14-Jul-03,no,NA,6,0.04,0.71,NA,1.5,NA,NA,NA,3,3,42,2.09
Earl_et_al_2006,Sammy_Creek,VA,NA,15-Jul-03,no,NA,6,0.04,0.71,NA,1.5,NA,NA,NA,3,140,88,0.74
Earl_et_al_2006,Hugh_White_Creek,NC,NA,7-Oct-03,no,NA,7,0.02,2.25,NA,3,NA,NA,NA,3,3,23,2.8
Earl_et_al_2006,Hugh_White_Creek,NC,NA,8-Oct-03,no,NA,7,0.02,2.25,NA,3,NA,NA,NA,3,39,175,0.37
Earl_et_al_2006,Hugh_White_Creek,NC,NA,9-Oct-03,no,NA,7,0.02,2.25,NA,3,NA,NA,NA,3,260,508,0.14
Earl_et_al_2006,Hugh_White_Creek,NC,NA,10-Oct-03,no,NA,7,0.02,2.25,NA,3,NA,NA,NA,3,537,816,0.09
Earl_et_al_2006,Alta,VA,NA,24-Aug-03,no,NA,15,0.08,2.49,NA,1.5,NA,NA,NA,182,181,587,0.46
Earl_et_al_2006,Alta,VA,NA,25-Aug-03,no,NA,15,0.08,2.49,NA,1.5,NA,NA,NA,182,223,1157,0.22
Earl_et_al_2006,Alta,VA,NA,26-Aug-03,no,NA,15,0.08,2.49,NA,1.5,NA,NA,NA,182,360,3128,0.08
Earl_et_al_2006,Alta,VA,NA,27-Aug-03,no,NA,15,0.08,2.49,NA,1.5,NA,NA,NA,182,577,5464,0.05
Earl_et_al_2006,Stonecrop,VA,NA,9-Sep-03,no,NA,2,0.03,1.01,NA,5,NA,NA,NA,298,287,632,0.09
Earl_et_al_2006,Stonecrop,VA,NA,10-Sep-03,no,NA,2,0.03,1.01,NA,5,NA,NA,NA,298,361,684,0.09
Earl_et_al_2006,Stonecrop,VA,NA,11-Sep-03,no,NA,2,0.03,1.01,NA,5,NA,NA,NA,298,575,1002,0.06
Earl_et_al_2006,Stonecrop,VA,NA,12-Sep-03,no,NA,2,0.03,1.01,NA,5,NA,NA,NA,298,850,1263,0.05
Earl_et_al_2006,Greenbrier,VA,NA,13-Aug-03,no,NA,31,0.08,1.9,NA,1.5,NA,NA,NA,983,981,3652,0.23
Earl_et_al_2006,Greenbrier,VA,NA,13-Aug-03,no,NA,31,0.08,1.9,NA,1.5,NA,NA,NA,983,1081,NA,NA
Earl_et_al_2006,Greenbrier,VA,NA,14-Aug-03,no,NA,31,0.08,1.9,NA,1.5,NA,NA,NA,983,1240,5519,0.14
Earl_et_al_2006,Greenbrier,VA,NA,14-Aug-03,no,NA,31,0.08,1.9,NA,1.5,NA,NA,NA,983,1568,7194,0.11
Fellows_et_al_2006,Rio_Calaveras,NM,NA,21-Jul-99,no,1,1.11,0.024,0.9,0.053,NA,NA,NA,NA,168,NA,2484,0.03
Fellows_et_al_2006,Gallina_Creek,NM,NA,28-Jul-99,no,1,1.1,0.054,1,0.021,NA,NA,NA,NA,14,NA,147,0.47
Fellows_et_al_2006,Walker_Branch,TN,East_Fork ,2-Aug-99,no,1,1.02,0.073,1,0.013,NA,NA,NA,NA,28,NA,339,0.15
Fellows_et_al_2006,Hugh_White_Creek,NC,,9-Aug-99,no,1,3.36,0.018,5.5,0.034,NA,NA,NA,NA,28,NA,743,0.05
Grimm_et_al_2005,Agua_Fria_River,AZ,NA,2002-2003,no,NA,15.4,0.125,3,NA,NA,NA,NA,NA,5,105,67,4.62
Grimm_et_al_2005,Gila_Drain,AZ,NA,2002-2003,no,NA,113,0.5,3,0.075,NA,NA,NA,NA,1220,1700,526,4.32
Grimm_et_al_2005,Highline_Canal,AZ,NA,2002-2003,no,NA,306,0.5,2,0.306,NA,NA,NA,NA,6111,6458,1245,7.2
Grimm_et_al_2005,Indian_Bend_Wash,AZ,NA,2002-2003,no,NA,49,0.25,4,0.049,NA,NA,NA,NA,100,539,555,1.32
Grimm_et_al_2005,Prince_Road_Drain,AZ,NA,2002-2003,no,NA,187,0.225,4,0.208,NA,NA,NA,NA,5241,5491,833,3.36
Grimm_et_al_2005,Rio_Rancho_Drain,NM,NA,2002-2003,no,NA,27.4,0.2,4.4,0.031,NA,NA,NA,NA,18,118,294,1.26
Grimm_et_al_2005,Sycamore_Creek,AZ,NA,2002-2003,no,4,55,NA,NA,NA,NA,NA,NA,NA,21,271,90,12
Grimm_et_al_2005,Agua_Fria_River,AZ,NA,2002-2003,yes,NA,10,0.125,3,0.027,NA,NA,NA,NA,0.4,0.4,36,5.64
Grimm_et_al_2005,Highline_Canal,AZ,NA,2002-2003,yes,NA,502,0.5,2,0.502,NA,NA,NA,NA,4747,4747,1245,16.14
Grimm_et_al_2005,Indian_Bend_Wash,AZ,NA,2002-2003,yes,NA,69,0.25,4,0.069,NA,NA,NA,NA,202,202,609,1.56
Grimm_et_al_2005,Rio_Rancho_Drain,NM,NA,2002-2003,yes,NA,14,0.2,4.4,0.016,NA,NA,NA,NA,7,7,84,2.28
Gucker_and_Boechat_2004,Rio_Cipo,BRAZIL,meandering,2-Apr,no,1,2.25,0.13,0.63,0.021,6,430,117000,0,NA,NA,NA,NA
Gucker_and_Boechat_2004,Rio_Cipo,BRAZIL,run,2-Apr,no,1,2.2,0.04,0.37,0.022,6,630,88000,0,NA,NA,NA,NA
Gucker_and_Boechat_2004,Rio_Cipo,BRAZIL,step-pool,2-Apr,no,1,1.07,0.15,1.13,0.007,6,410,19688,0,NA,NA,NA,NA
Gucker_and_Boechat_2004,Rio_Cipo,BRAZIL,swamp,2-Apr,no,1,2.13,0.07,2.6,0.05,6,340,58333,0,NA,NA,NA,NA
Gucker_and_Pusch_2006,Demnitzer_Mill_Brook_D,GERMANY,above_WWTP,2002,no,1,23,0.27,NA,0.091,120,NA,1928,0.76,4131.6,NA,23081,0.06
Gucker_and_Pusch_2006,Demnitzer_Mill_Brook_P,GERMANY,below_WWTP,2002,no,1,22,0.25,NA,0.089,160,NA,3077,0.43,6731.7,NA,27534,0.05
Gucker_and_Pusch_2006,Erpe_D,GERMANY,above_WWTP,2002,no,3,164,0.46,NA,0.15,60,NA,2094,1.97,1277.1,NA,18569,0.22
Gucker_and_Pusch_2006,Erpe_P,GERMANY,below_WWTP,2002,no,3,511,0.77,NA,0.177,130,NA,5609,1.45,5810.1,NA,8595,0.95
Hall_and_Tank_2003,Bailey_Creek,WY,mixed_sedimentary,Jun-99,no,2,118,0.1,5.4,0.212,1.6,12,833,1.6,5.2,20,747,1.7
Hall_and_Tank_2003,Ditch_Creek,WY,mixed_sedimentary,Jun-99,no,2,231,0.14,5.8,0.283,2.2,12,249,9.6,5,20,821,2.9
Hall_and_Tank_2003,Glade_Creek,WY,ryholite_lava,Jun-99,no,1,149,0.15,3,0.328,0.2,12,322,9.2,2.5,20,758,3.9
Hall_and_Tank_2003,Lizard_Creek,WY,mixed_sedimentary,Jun-99,no,2,25,0.11,2.5,0.095,0.9,12,416,1.4,5.5,20,1568,0.4
Hall_and_Tank_2003,Moose_Wilson_Road_Creek,WY,crystalline_metamorphic,Jun-99,no,1,35,0.09,2.2,0.188,10.4,12,910,1.1,89,20,NA,0
Hall_and_Tank_2003,North_Moran_Bay_Creek,WY,crystalline_metamorphic,Jun-99,no,2,9,0.14,0.8,0.077,1.8,12,344,1.9,43,20,NA,0
Hall_and_Tank_2003,Paintbrush_Canyon_Creek,WY,crystalline_metamorphic,Jun-99,no,1,39,0.06,1.3,0.05,1.6,12,172,1.1,169,20,NA,0
Hall_and_Tank_2003,Pilgrim_Creek,WY,mixed_sedimentary_channel_1,Jun-99,no,3,46,0.06,4.1,0.202,0.5,12,278,2.4,2.5,20,558,1.3
Hall_and_Tank_2003,Pilgrim_Creek,WY,mixed_sedimentary_channel_2,Jun-99,no,3,12,0.04,2.5,0.113,0.5,12,136,2,2.5,20,453,0.6
Hall_and_Tank_2003,Spread_Creek,WY,mixed_sedimentary,Jun-99,no,3,87,0.1,5.5,0.162,1.2,12,76,12.6,13.3,20,108,9
Hall_and_Tank_2003,Two_Ocean_Lake_outlet,WY,mixed_sedimentary,Jun-99,no,2,144,0.13,4.1,0.278,3.3,12,384,5.5,13.3,20,2412,0.9
Hall_et_al_unpublished,Springs_Creek,ID,day_3,3-Jul,yes,2,185,NA,3.8,,NA,NA,NA,NA,7.5,NA,1905,1.53
Hall_et_al_unpublished,Springs_Creek,ID,day_8,3-Jul,yes,2,160,NA,3.8,,NA,NA,NA,NA,7.5,NA,2710,0.93
Hall_et_al_unpublished,Springs_Creek,ID,day_14,3-Jul,yes,2,126,NA,3.8,,NA,NA,NA,NA,7.5,NA,1894,1.05
Hall_et_al_2003,Polecat_Creek,WY,NA,NA,no,NA,1900,NA,16.6,NA,0.4,,75,93,224,NA,NA,NA
Hall_et_al_2002,Bear_Brook,NH,NA,9-Jul-98,no,3,14.2,0.082,2.74,0.063,2,17.5,151,2.05,18.4,68,240,1.29
Hall_et_al_2002,Bear_Brook,NH,NA,25-Oct-98,no,3,16.2,0.132,2.58,0.048,2,17.5,73,5.22,NA,NA,NA,NA
Hall_et_al_2002,Bear_Brook,NH,NA,22-Apr-99,no,3,13,0.062,2.67,0.078,2,17.5,118,2.48,NA,NA,NA,NA
Hall_et_al_2002,Bear_Brook,NH,NA,18-Jun-99,no,3,4.2,0.058,2.62,0.028,2,17.5,60,1.62,NA,NA,NA,NA
Hall_et_al_2002,Cascade_Brook,NH,NA,22-Jun-99,no,1,2,0.057,3.96,0.009,2,17.5,19,1.62,4.1,54,93,0.33
Hall_et_al_2002,Cone_Pond_Outlet,NH,NA,16-Jul-98,no,NA,2.3,0.071,1.62,0.02,2,17.5,64,1.33,46,96,775,0.11
Hall_et_al_2002,Cone_Pond_Outlet,NH,NA,21-Oct-98,no,NA,6.5,0.067,1.87,0.209,2,17.5,29,7.29,NA,NA,NA,NA
Hall_et_al_2002,Hubbard_Brook,NH,NA,21-Jul-98,no,4,86.6,0.061,9.17,0.096,2,17.5,271,1.88,40,90,799,0.44
Hall_et_al_2002,Hubbard_Brook,NH,NA,24-Jun-99,no,4,29.3,0.061,9.17,0.052,2,17.5,214,0.9,115.4,165,9516,0.02
Hall_et_al_2002,Paradise_Brook,NH,NA,15-Jul-98,no,4,6.7,0.115,2.22,0.026,2,17.5,104,1.74,58.5,108,8970,0.02
Hall_et_al_2002,Paradise_Brook,NH,NA,12-Jun-99,no,4,3.7,0.078,2.59,0.018,2,17.5,105,0.81,NA,NA,NA,NA
Hall_et_al_2002,W1_stream,NH,NA,17-Jun-99,no,2,1.5,0.058,1.4,0.019,2,17.5,14,4.72,NA,NA,NA,NA
Hall_et_al_2002,W2_stream,NH,NA,12-Jul-98,no,1,0.8,0.032,1.64,0.016,2,17.5,9,3.53,4,NA,NA,NA
Hall_et_al_2002,W2_stream,NH,NA,20-Oct-98,no,1,0.5,0.028,1.25,0.014,2,17.5,9,2.54,NA,NA,NA,NA
Hall_et_al_2002,W3_stream,NH,NA,28-Jul-98,no,2,1.1,0.029,2,0.019,2,17.5,24,1.42,NA,NA,NA,NA
Hall_et_al_2002,W3_stream,NH,NA,19-Oct-98,no,2,3.6,0.03,2.05,0.057,2,17.5,33,3.16,NA,NA,NA,NA
Hall_et_al_2002,W3_stream,NH,NA,16-Jun-99,no,2,5.6,0.116,1.84,0.026,2,17.5,61,3.01,76,126,129,1.4
Hall_et_al_2002,W3_stream,NH,NA,5-Jul-99,no,2,1.7,0.038,1.91,0.023,2,17.5,61,0.85,NA,NA,NA,NA
Hall_et_al_2002,W3_stream,NH,NA,29-Jun-98,no,2,15.2,0.071,2.39,0.09,2,17.5,270,1.41,7.2,57,9585,0.04
Hall_et_al_2002,W4_stream,NH,NA,27-Jul-98,no,2,0.6,0.033,1.47,0.013,2,17.5,11,2.44,305,355,16,1.63
Hall_et_al_2002,W4_stream,NH,NA,30-Sep-98,no,2,5.5,0.139,2.46,0.016,2,17.5,26,5.12,NA,NA,NA,NA
Hall_et_al_2002,W5_stream,NH,NA,20-Jul-98,no,2,1.6,0.036,1.57,0.028,2,17.5,19,3.18,2,52,767,0.91
Hall_et_al_2002,W5_stream,NH,NA,20-Oct-98,no,2,0.8,0.023,2.16,0.016,2,17.5,8,2.72,NA,NA,NA,NA
Hall_et_al_2002,W5_stream,NH,NA,27-Apr-99,no,2,2.4,0.052,1.82,0.026,2,17.5,10,8.29,NA,NA,NA,NA
Hall_et_al_2002,W6_stream,NH,NA,29-Jul-98,no,1,0.4,0.022,1.39,0.014,2,17.5,6,2.76,NA,NA,NA,NA
Hall_et_al_2002,W6_stream,NH,NA,18-Oct-98,no,1,2,0.028,2.55,0.028,2,17.5,18,2.55,NA,NA,NA,NA
Hall_et_al_2002,W6_stream,NH,NA,21-Apr-99,no,1,2.7,0.056,1.82,0.026,2,17.5,36,2.44,NA,NA,NA,NA
Hall_et_al_2002,W6_stream,NH,NA,28-Jun-98,no,1,5.7,0.048,1.82,0.065,2,17.5,48,3.91,3,53,2340,0.08
Hall_et_al_2002,West_Branch_Bowl,NH,NA,22-Oct-98,no,NA,77.9,0.069,5.42,0.209,2,17.5,237,3.64,NA,NA,NA,NA
Hall_et_al_2002,West_Inlet_to_Mirror_Lake,NH,NA,15-Jun-99,no,1,1.1,0.064,1.22,0.04,2,17.5,5,10.81,NA,NA,NA,NA
Hall_et_al_1998,Hugh_White_Creek,NC,NA,6-Jun-95,yes,1,5.5,0.03,3.2,0.05,5,19,29,3.1,NA,NA,NA,NA
Hamilton_et_al_2001,Eagle_Creek,MI,NA,15-Jun-98,yes,2,208,0.18,5,0.24,23.4,23.4,1349,2.01,28.8,28.8,NA,NA
Hamilton_et_al_2001,Eagle_Creek,MI,NA,5-Jul-98,yes,2,201,0.18,5,0.223,21.3,21.3,932,2.81,NA,NA,NA,NA
Hamilton_et_al_2001,Eagle_Creek,MI,NA,27-Jul-98,yes,2,191,0.18,5,0.212,12.4,12.4,766,3.27,NA,NA,NA,NA
Hanafi_et_al_2007,Lyrebird_Creek,AUSTRALIA,high,2002-2003,no,NA,6.2,NA,1.46,NA,8,39,160,16.2,NA,NA,NA,NA
Hanafi_et_al_2007,Lyrebird_Creek,AUSTRALIA,low,2002-2003,no,NA,9.8,NA,1.56,NA,22,37,NA,NA,NA,NA,NA,NA
Hanafi_et_al_2007,Ferny_Creek,AUSTRALIA,high,2003-2004,no,NA,31.2,NA,1.83,NA,11,66,130,78,NA,NA,NA,NA
Hanafi_et_al_2007,Ferny_Creek,AUSTRALIA,low,2003-2004,no,NA,40.5,NA,1.97,NA,17,53,NA,NA,NA,NA,NA,NA
Hoellein_et_al_2007,State  ,MI,SpringSC,3-May,no,NA,77.05,NA,2.07,NA,2.9,20.9,250,8.93,163.6,199.5,270,8.26
Hoellein_et_al_2007,State  ,MI,SummerSC,3-Jun,no,NA,43.42,NA,2.11,NA,2.4,11.6,191,6.45,133.6,168.3,667,1.85
Hoellein_et_al_2007,State  ,MI,SummerSC,3-Jul,no,NA,60.37,NA,2.33,NA,11.5,18.5,213,7.31,160.4,166,192,8.08
Hoellein_et_al_2007,State  ,MI,SummerSC,3-Aug,no,NA,71.1,NA,1.94,NA,5.6,10.8,256,8.58,130.8,154.6,625,3.52
Hoellein_et_al_2007,State  ,MI,FallSC,3-Sep,no,NA,48.72,NA,1.98,NA,2.3,7.6,250,5.91,127.4,137,161,9.15
Hoellein_et_al_2007,State  ,MI,FallSC,3-Oct,no,NA,67.29,NA,2.2,NA,3.4,8.3,769,2.39,153.8,177.8,303,6.06
Hoellein_et_al_2007,State  ,MI,WinterSC,3-Dec,no,NA,65.52,NA,2.23,NA,6.4,27.1,217,8.11,170.4,235.9,323,5.46
Hoellein_et_al_2007,State  ,MI,SpringSC,4-Apr,no,NA,85.22,NA,2.33,NA,4.2,13,130,16.9,157.1,218.7,145,15.14
Hoellein_et_al_2007,State  ,MI,SpringST,3-May,no,NA,77.24,NA,2.15,NA,4.2,26.5,476,4.53,166.1,197.5,286,7.54
Hoellein_et_al_2007,State  ,MI,SummerST,3-Jun,no,NA,44.13,NA,2.31,NA,1.6,10.4,250,4.58,134.9,166.4,769,1.49
Hoellein_et_al_2007,State  ,MI,SummerST,3-Jul,no,NA,63.24,NA,2.28,NA,10.1,19.8,172,9.65,165.3,169.3,182,9.01
Hoellein_et_al_2007,State  ,MI,SummerST,3-Aug,no,NA,72.29,NA,2.13,NA,4.6,10.9,500,4.07,132,153,556,3.67
Hoellein_et_al_2007,State  ,MI,FallST,3-Sep,no,NA,48.72,NA,2.14,NA,2.6,7.6,192,7.1,127.3,146,227,6.01
Hoellein_et_al_2007,State  ,MI,FallST,3-Oct,no,NA,67.74,NA,2.32,NA,4.2,9.9,526,3.33,152.1,177,526,3.33
Hoellein_et_al_2007,State  ,MI,WinterST,3-Dec,no,NA,67.76,NA,2.27,NA,9.9,22.9,164,10.93,170.8,265.3,189,9.49
Hoellein_et_al_2007,State  ,MI,SpringST,4-Apr,no,NA,122.99,NA,2.29,NA,4.2,12.9,244,13.21,145.3,164.5,143,22.56
Hoellein_et_al_2007,Shane,MI,SpringHC,3-May,no,NA,60.21,NA,2.49,NA,8.5,29.5,270,5.37,137.8,204.5,714,2.03
Hoellein_et_al_2007,Shane,MI,SummerHC,3-Jun,no,NA,46.09,NA,2.62,NA,8.4,13.8,286,3.69,175.3,241.4,152,6.97
Hoellein_et_al_2007,Shane,MI,SummerHC,3-Jul,no,NA,30.72,NA,2.38,NA,11.8,23.2,189,4.1,195.8,243.4,278,2.79
Hoellein_et_al_2007,Shane,MI,SummerHC,3-Aug,no,NA,12.6,NA,1.75,NA,5.3,16.2,313,1.38,185.5,231.4,417,1.04
Hoellein_et_al_2007,Shane,MI,FallHC,3-Sep,no,NA,31.75,NA,1.86,NA,5.3,20.6,222,4.61,162.6,214.6,1250,0.82
Hoellein_et_al_2007,Shane,MI,FallHC,3-Oct,no,NA,18.29,NA,2.51,NA,4.2,10.8,169,2.58,135.4,173.3,556,0.79
Hoellein_et_al_2007,Shane,MI,WinterHC,3-Dec,no,NA,47.57,NA,2.6,NA,15,21.3,93,11.86,246.4,261.7,238,4.61
Hoellein_et_al_2007,Shane,MI,SpringHC,4-Apr,no,NA,76.53,NA,2.55,NA,4.8,20.5,169,10.62,126.5,164.4,357,5.04
Hoellein_et_al_2007,Shane,MI,SpringHT,3-May,no,NA,59.94,NA,2.72,NA,7.8,30.7,217,6.08,139.6,206.2,625,2.12
Hoellein_et_al_2007,Shane,MI,SummerHT,3-Jun,no,NA,32.3,NA,2.5,NA,9.1,15.6,400,1.94,188.8,250.9,156,4.96
Hoellein_et_al_2007,Shane,MI,SummerHT,3-Jul,no,NA,37.26,NA,2.62,NA,12.9,25.4,159,5.38,175,215.3,256,3.33
Hoellein_et_al_2007,Shane,MI,SummerHT,3-Aug,no,NA,12.61,NA,2.18,NA,7.3,16.1,400,0.87,188.1,224.7,556,0.62
Hoellein_et_al_2007,Shane,MI,FallHT,3-Sep,no,NA,32.62,NA,2.14,NA,6.3,16.6,556,1.65,159.2,202,2000,0.46
Hoellein_et_al_2007,Shane,MI,FallHT,3-Oct,no,NA,16.09,NA,2.46,NA,4.3,11.2,182,2.16,141,178,556,0.71
Hoellein_et_al_2007,Shane,MI,WinterHT,3-Dec,no,NA,40.51,NA,2.56,NA,14.3,22.9,132,7.22,232.3,258.5,370,2.56
Hoellein_et_al_2007,Shane,MI,SpringHT,4-Apr,no,NA,81.36,NA,2.55,NA,6.9,37.9,159,12.06,127.8,166,417,4.59
Hoellein_et_al_2007,Walton,MI,SpringWC,3-May,no,NA,125.75,NA,2.06,NA,4.4,14.4,303,12.09,128.8,157.2,417,8.79
Hoellein_et_al_2007,Walton,MI,SummerWC,3-Jun,no,NA,47.65,NA,1.91,NA,6,11.9,667,2.25,242,284.2,588,2.54
Hoellein_et_al_2007,Walton,MI,SummerWC,3-Jul,no,NA,31.12,NA,1.85,NA,9.4,25.4,238,4.24,573.3,649.3,500,2.02
Hoellein_et_al_2007,Walton,MI,SummerWC,3-Aug,no,NA,17.48,NA,1.93,NA,6,17.2,476,1.14,614.4,744,1111,0.49
Hoellein_et_al_2007,Walton,MI,FallWC,3-Sep,no,NA,18.39,NA,1.8,NA,5.9,11.8,625,0.98,776.5,804.9,526,1.16
Hoellein_et_al_2007,Walton,MI,FallWC,3-Oct,no,NA,20.91,NA,1.83,NA,4.4,13.5,385,1.78,474.5,514.2,270,3.48
Hoellein_et_al_2007,Walton,MI,SpringWC,4-Apr,no,NA,70.67,NA,1.97,NA,7.6,18.9,118,18.29,253.2,274.5,159,9.9
Hoellein_et_al_2007,Walton,MI,SpringWT,3-May,no,NA,124.19,NA,2.21,NA,4.8,14.2,278,12.14,126.1,156.1,278,12.14
Hoellein_et_al_2007,Walton,MI,SummerWT,3-Jun,no,NA,49.66,NA,2.25,NA,5.3,12.1,400,3.31,242.9,281.9,345,3.84
Hoellein_et_al_2007,Walton,MI,SummerWT,3-Jul,no,NA,30.64,NA,2.37,NA,7.8,25.1,333,2.33,531.7,644.8,769,1.01
Hoellein_et_al_2007,Walton,MI,SummerWT,3-Aug,no,NA,17.81,NA,2.35,NA,5.5,17.5,370,1.23,641.3,737.1,1000,0.45
Hoellein_et_al_2007,Walton,MI,FallWT,3-Sep,no,NA,17.37,NA,2.1,NA,4.7,14.9,500,0.99,747.8,784.6,152,3.28
Hoellein_et_al_2007,Walton,MI,FallWT,3-Oct,no,NA,20.91,NA,2.2,NA,4.3,14.3,556,1.03,542,646.8,233,2.45
Hoellein_et_al_2007,Walton,MI,SpringWT,4-Apr,no,NA,52.28,NA,2.13,NA,6.5,17,222,6.63,278,323.6,323,5.92
Kopacek_and_Blazka_1994,NA,NA,NA,13-Jul-91,no,NA,1.42,0.031,0.71,0.05,10,302,82,1.14,NA,NA,NA,NA
Kopacek_and_Blazka_1994,NA,NA,NA,15-Jul-91,no,NA,2.55,0.024,1.2,0.076,11,296,190,0.6,NA,NA,NA,NA
Maltchik_1995,Montesina_Stream,NA,continous_flow,Oct-91,no,NA,3.45,0.1,0.78,0.05,NA,NA,NA,NA,18.3,22,2,96.67
Marti_and_Sabater_1996,La_Solana,SPAIN,bedrock,1990,no,2,20.7,0.04,4.8,0.159,15,NA,59,6.19,181.3,NA,161,2.37
Marti_and_Sabater_1996,La_Solana,SPAIN,sandy-cobble,1990,no,2,20.7,0.09,2.9,0.117,15,NA,182,7.63,181.3,NA,NA,NA
Marti_and_Sabater_1996,Riera_Major,SPAIN,sandy-cobble,1990,no,2,57.8,0.138,3.7,0.167,14,NA,85,16.8,470.8,NA,49,28.2
Marti_and_Sabater_1996,Riera_Major,SPAIN,bedrock,1990,no,2,57.8,0.233,2.9,0.15,14,NA,189,10.95,470.8,NA,NA,NA
Marti_et_al_1994,La_Solana_Stream,SPAIN,sandy-cobble,spring_1991,no,2,57,0.094,2.9,0.117,6.7,NA,85,18.13,173,NA,NA,NA
Marti_et_al_1994,La_Solana_Stream,SPAIN,rock_outcrop,spring_1991,no,2,57,0.04,4.8,0.159,6.7,NA,68,29.67,173,NA,NA,NA
Marti_et_al_1994,La_Solana_Stream,SPAIN,sandy-cobble,summer_1991,no,2,9.4,0.094,2.9,0.117,16.6,NA,402,0.71,116,NA,NA,NA
Marti_et_al_1994,La_Solana_Stream,SPAIN,rock_outcrop,summer_1991,no,2,9.4,0.04,4.8,0.159,16.6,NA,104,2.49,116,NA,NA,NA
Marti_et_al_1994,La_Solana_Stream,SPAIN,sandy-cobble,winter_1992,no,2,12.7,0.094,2.9,0.117,19.3,NA,107,10.97,235,NA,NA,NA
Marti_et_al_1994,La_Solana_Stream,SPAIN,rock_outcrop,winter_1992,no,2,12.7,0.04,4.8,0.159,19.3,NA,31,8.06,235,NA,NA,NA
Merriam_et_al_2002,Quebrada_Bisley,PR,NA,14-Jan-98,yes,2,18.4,0.128,4.7,0.03,4.2,4.2,26,8.73,141,141,1192,0.19
Merriam_et_al_2002,Quebrada_Bisley,PR,NA,3-Feb-98,yes,2,11.8,0.107,4.7,0.026,3.9,3.9,16,10.77,139,139,1689,0.1
Merriam_et_al_2002,Quebrada_Bisley,PR,NA,23-Feb-98,yes,2,11.3,0.105,4.7,0.025,3.3,3.3,16,10.16,164.7,164.7,3000,0.02
Meyer_et_al_2005,Flat_Shoals,GA,NA,1996,no,3,606,NA,10.8,NA,17.5,98,NA,6.03,NA,NA,NA,NA
Meyer_et_al_2005,Nickajack,GA,NA,1996,no,3,609,NA,9.9,NA,31.5,70,NA,8,NA,NA,NA,NA
Meyer_et_al_2005,Peachtree,GA,NA,1996,no,4,1212,NA,14.9,NA,106,160,NA,4.42,NA,NA,NA,NA
Meyer_et_al_2005,Rottenwood,GA,NA,1996,no,3,494,NA,11.3,NA,38.3,218,NA,1.15,NA,NA,NA,NA
Meyer_et_al_2005,Snake,GA,NA,1996,no,3,1292,NA,15.4,NA,13.6,91,NA,9.75,NA,NA,NA,NA
Meyer_et_al_2005,Sope,GA,NA,1996,no,4,695,NA,10.4,NA,30,79,NA,5.1,NA,NA,NA,NA
Mulholland_et_al_2000b,Walker_Branch,TN,NA,30-Mar-98,no,1,9.2,0.046,3.1,0.068,1,20,43,4.33,22,NA,NA,NA
Mulholland_et_al_2000b,Walker_Branch,TN,NA,26-Mar-98,no,1,9.4,0.046,3.1,0.068,1,NA,NA,NA,22,68,407,0.46
Mulholland_et_al_2000b,Walker_Branch,TN,West_Fork,31-Mar-98,yes,1,9.2,0.046,3.1,0.068,3,3,20,9.48,17,17,121,1.55
Mulholland_et_al_2000a,Walker_Branch,TN,West_Fork,31-Mar-98,yes,1,9.6,0.046,3.1,0.068,2.7,2.7,23,8.15,15.6,15.6,101,1.86
Mulholland_et_al_2000a,Walker_Branch,TN,West_Fork,20-Apr-98,yes,1,7.6,0.046,3.1,0.068,6.7,6.7,31,5.52,40.7,40.7,NA,0
Mulholland_et_al_2000a,Walker_Branch,TN,West_Fork,10-May-98,yes,1,8.5,0.046,3.1,0.068,3.4,3.4,29,6.77,28.2,28.2,511,0.32
Mulholland_et_al_2004,Walker_Branch,TN,East_Fork,2-Oct-02,no,1,0.4,NA,0.92,0.015,5,5,NA,NA,26,380,100,0.27
Mulholland_et_al_2004,Walker_Branch,TN,East_Fork,1-Oct-02,yes,1,0.4,NA,0.92,0.015,4,4,NA,NA,26,26,36,0.73
Mulholland_et_al_2004,Walker_Branch,TN,West_Fork,1-Oct-02,no,1,2.7,0.075,3,0.027,1,371,67,1.81,10.9,NA,NA,NA
Mulholland_et_al_2008,Cart_Creek,MA,Reference,2003-2005_usually_summers,yes,NA,4.82,0.184,2.51,0.01,NA,NA,NA,NA,15.3,15.3,356,32.63
Mulholland_et_al_2008,IS_104,MA,Urban,2003-2005_usually_summers,yes,NA,2.05,0.107,1.34,0.01,NA,NA,NA,NA,1336.2,1336.2,1422,6.47
Mulholland_et_al_2008,Boxford,MA,Reference,2003-2005_usually_summers,yes,NA,12.16,0.118,1.54,0.07,NA,NA,NA,NA,52.8,52.8,1372,34.49
Mulholland_et_al_2008,Runaway_Brook,MA,Agricultural,2003-2005_usually_summers,yes,NA,0.65,0.065,0.55,0.02,NA,NA,NA,NA,1164.2,1164.2,984,7.01
Mulholland_et_al_2008,Long_Meadow_Brook,MA,Agricultural,2003-2005_usually_summers,yes,NA,2.39,0.057,1.14,0.04,NA,NA,NA,NA,989.3,989.3,1817,6.92
Mulholland_et_al_2008,Gravelly_Brook,MA,Reference,2003-2005_usually_summers,yes,NA,1.98,0.045,2.52,0.02,NA,NA,NA,NA,112.2,112.2,,
Mulholland_et_al_2008,Black_Brook,MA,Agricultural,2003-2005_usually_summers,yes,NA,120.15,1.122,2.62,0.04,NA,NA,NA,NA,50.3,50.3,3797,74.49
Mulholland_et_al_2008,Sawmill_Brook,MA,Urban,2003-2005_usually_summers,yes,NA,4.93,0.148,2.66,0.01,NA,NA,NA,NA,1024.7,1024.7,4049,2.75
Mulholland_et_al_2008,IS_118,MA,Urban,2003-2005_usually_summers,yes,NA,11.34,0.095,1.75,0.07,NA,NA,NA,NA,512.8,512.8,4608,8.46
Mulholland_et_al_2008,Hugh_White_Creek,NC,Reference,2003-2005_usually_summers,yes,NA,19.36,0.047,3.74,0.11,NA,NA,NA,NA,7.3,7.3,424,66.75
Mulholland_et_al_2008,Hoglot_Branch,NC,Agricultural,2003-2005_usually_summers,yes,NA,52.67,0.159,1.69,0.2,NA,NA,NA,NA,154.5,154.5,,
Mulholland_et_al_2008,Crawford_Branch,NC,Urban,2003-2005_usually_summers,yes,NA,45.03,0.211,1.54,0.14,NA,NA,NA,NA,102.5,102.5,6757,25.97
Mulholland_et_al_2008,Big_Hurricane_Branch,NC,Reference,2003-2005_usually_summers,yes,NA,12.22,0.121,2.37,0.04,NA,NA,NA,NA,240.7,240.7,12619,2.46
Mulholland_et_al_2008,Jerry_Branch,NC,Agricultural,2003-2005_usually_summers,yes,NA,26.46,0.094,1.84,0.15,NA,NA,NA,NA,405.7,405.7,18332,4.71
Mulholland_et_al_2008,Mud_Creek,NC,Urban,2003-2005_usually_summers,yes,NA,51.78,0.119,1.93,0.23,NA,NA,NA,NA,139.5,139.5,6402,21.01
Mulholland_et_al_2008,Cunningham_Creek,NC,Reference,2003-2005_usually_summers,yes,NA,49.3,0.186,2.26,0.12,NA,NA,NA,NA,10.1,10.1,1002,130.42
Mulholland_et_al_2008,Blacks_Branch,NC,Agricultural,2003-2005_usually_summers,yes,NA,189.4,0.204,1.89,0.49,NA,NA,NA,NA,172.6,172.6,8292,71.16
Mulholland_et_al_2008,Sugarloaf_Creek,NC,Urban,2003-2005_usually_summers,yes,NA,79.84,0.149,2.33,0.23,NA,NA,NA,NA,54.2,54.2,4914,42.38
Mulholland_et_al_2008,Sand_Creek,MI,Reference,2003-2005_usually_summers,yes,NA,4.85,0.04,1.07,0.11,NA,NA,NA,NA,282.6,282.6,978,27.74
Mulholland_et_al_2008,Steinke_Drain,MI,Agricultural,2003-2005_usually_summers,yes,NA,1.66,0.02,1.17,0.07,NA,NA,NA,NA,4158.3,4158.3,406,20.81
Mulholland_et_al_2008,Dorr,MI,Urban,2003-2005_usually_summers,yes,NA,35,0.172,1.41,0.14,NA,NA,NA,NA,1100.2,1100.2,5000,29.7
Mulholland_et_al_2008,Bullet,MI,Reference,2003-2005_usually_summers,yes,NA,6.48,0.047,1.42,0.1,NA,NA,NA,NA,384.5,384.5,2222,12.48
Mulholland_et_al_2008,Buskirk,MI,Agricultural,2003-2005_usually_summers,yes,NA,6,0.036,0.94,0.18,NA,NA,NA,NA,81.5,81.5,435,88.09
Mulholland_et_al_2008,Wayland,MI,Urban,2003-2005_usually_summers,yes,NA,11.69,0.086,1.17,0.12,NA,NA,NA,NA,694.6,694.6,2439,24.03
Mulholland_et_al_2008,Honeysuckle,MI,Reference,2003-2005_usually_summers,yes,NA,99.38,0.161,3.2,0.19,NA,NA,NA,NA,4.2,4.2,,
Mulholland_et_al_2008,Bellingham,MI,Agricultural,2003-2005_usually_summers,yes,NA,22.95,0.072,1.2,0.26,NA,NA,NA,NA,1452.9,1452.9,8811,13.08
Mulholland_et_al_2008,Arcadia,MI,Urban,2003-2005_usually_summers,yes,NA,110.1,0.265,2.48,0.17,NA,NA,NA,NA,273.5,273.5,1429,187.28
Mulholland_et_al_2008,Kings_Creek_N4D,KS,Reference,2003-2005_usually_summers,yes,NA,13.41,0.067,2.41,0.08,NA,NA,NA,NA,8.6,8.6,161,207.74
Mulholland_et_al_2008,Agnorth,KS,Agricultural,2003-2005_usually_summers,yes,NA,0.24,0.017,0.78,0.02,NA,NA,NA,NA,34.8,34.8,164,11.29
Mulholland_et_al_2008,Campus_Creek,KS,Urban,2003-2005_usually_summers,yes,NA,2.9,0.079,2.56,0.01,NA,NA,NA,NA,2942,2942,732,9.04
Mulholland_et_al_2008,K2A ,KS,Reference,2003-2005_usually_summers,yes,NA,26.32,0.095,2.5,0.11,NA,NA,NA,NA,0.9,0.9,129,491.21
Mulholland_et_al_2008,Natalie_Creek,KS,Agricultural,2003-2005_usually_summers,yes,NA,1.3,0.042,1.2,0.03,NA,NA,NA,NA,6,6,68,93.43
Mulholland_et_al_2008,Walmart_Ditch,KS,Urban,2003-2005_usually_summers,yes,NA,1.55,0.049,2.1,0.02,NA,NA,NA,NA,277.4,277.4,127,35.61
Mulholland_et_al_2008,Shane_Creek,KS,Reference,2003-2005_usually_summers,yes,NA,4.36,0.095,2.4,0.02,NA,NA,NA,NA,1.2,1.2,20,531.25
Mulholland_et_al_2008,Swine,KS,Agricultural,2003-2005_usually_summers,yes,NA,5.43,0.073,1.59,0.05,NA,NA,NA,NA,21162.3,21162.3,528,35.53
Mulholland_et_al_2008,Little_Kitten,KS,Urban,2003-2005_usually_summers,yes,NA,20.1,0.137,3.25,0.05,NA,NA,NA,NA,167.6,167.6,777,44.93
Mulholland_et_al_2008,Ditch,WY,Reference,2003-2005_usually_summers,yes,NA,55.69,0.061,4.73,0.19,NA,NA,NA,NA,0.1,0.1,260,273.02
Mulholland_et_al_2008,Giltner,WY,Agricultural,2003-2005_usually_summers,yes,NA,158.46,0.163,5.72,0.17,NA,NA,NA,NA,49.7,49.7,177,939.6
Mulholland_et_al_2008,Golf,WY,Urban,2003-2005_usually_summers,yes,NA,110.05,0.179,2.57,0.24,NA,NA,NA,NA,0.8,0.8,256,1025.76
Mulholland_et_al_2008,Two_Oceans_Lake_Outlet,WY,Reference,2003-2005_usually_summers,yes,NA,64.5,0.087,2.86,0.26,NA,NA,NA,NA,18.9,18.9,465,284.1
Mulholland_et_al_2008,Headquarters,WY,Agricultural,2003-2005_usually_summers,yes,NA,131.06,0.159,5.16,0.16,NA,NA,NA,NA,0.7,0.7,85,1790.33
Mulholland_et_al_2008,Teton_Pines,WY,Urban,2003-2005_usually_summers,yes,NA,9.49,0.083,2.43,0.05,NA,NA,NA,NA,152.1,152.1,556,43.04
Mulholland_et_al_2008,Spread,WY,Reference,2003-2005_usually_summers,yes,NA,267.85,0.152,6.58,0.27,NA,NA,NA,NA,2.8,2.8,426,575.63
Mulholland_et_al_2008,Kimball,WY,Agricultural,2003-2005_usually_summers,yes,NA,153.85,0.218,4.57,0.15,NA,NA,NA,NA,27.9,27.9,290,680.57
Mulholland_et_al_2008,Fish,WY,Urban,2003-2005_usually_summers,yes,NA,102.94,0.313,2.24,0.15,NA,NA,NA,NA,234.7,234.7,2500,103.02
Mulholland_et_al_2008,Agua_Fria,SW,Reference,2003-2005_usually_summers,yes,NA,11.92,0.029,3.07,0.13,NA,NA,NA,NA,0.4,0.4,40,579.8
Mulholland_et_al_2008,Bernalillo_drain,SW,Agricultural,2003-2005_usually_summers,yes,NA,23.53,0.172,2.91,0.05,NA,NA,NA,NA,1.5,1.5,75,658.43
Mulholland_et_al_2008,Rio_Rancho,SW,Urban,2003-2005_usually_summers,yes,NA,17.82,0.121,4.42,0.03,NA,NA,NA,NA,12.5,12.5,94,258.41
Mulholland_et_al_2008,Rio_Salado,SW,Reference,2003-2005_usually_summers,yes,NA,5.76,0.015,3.7,0.11,NA,NA,NA,NA,3.8,3.8,227,40.2
Mulholland_et_al_2008,Rio_Puerco,SW,Agricultural,2003-2005_usually_summers,yes,NA,2.46,0.084,1.3,0.02,NA,NA,NA,NA,3.6,3.6,49,231.84
Mulholland_et_al_2008,San_Pedro,SW,Agricultural,2003-2005_usually_summers,yes,NA,4.04,0.016,2.01,0.12,NA,NA,NA,NA,297.2,297.2,285,42.19
Mulholland_et_al_2008,Sycamore_Creek,SW,Reference,2003-2005_usually_summers,yes,NA,21.28,0.026,3.68,0.23,NA,NA,NA,NA,57.5,57.5,185,186.01
Mulholland_et_al_2008,Indian_Bend_Wash,SW,Urban,2003-2005_usually_summers,yes,NA,28.35,0.227,4.8,0.03,NA,NA,NA,NA,99.2,99.2,5155,6.88
Mulholland_et_al_2008,Tempe_Town_Lake,SW,Urban,2003-2005_usually_summers,yes,NA,17.97,0.255,4.11,0.02,NA,NA,NA,NA,4.3,4.3,145,178.62
Mulholland_et_al_2008,Oak,OR,Reference,2003-2005_usually_summers,yes,NA,7.53,0.077,2.1,0.05,NA,NA,NA,NA,70.5,70.5,949,26.17
Mulholland_et_al_2008,Oak,OR,Agricultural,2003-2005_usually_summers,yes,NA,5.54,0.186,2.65,0.01,NA,NA,NA,NA,96,96,669,18.78
Mulholland_et_al_2008,Oak,OR,Urban,2003-2005_usually_summers,yes,NA,5.61,0.226,3.9,0.01,NA,NA,NA,NA,162.7,162.7,898,9.62
Mulholland_et_al_2008,Mack,OR,Reference,2003-2005_usually_summers,yes,NA,30.71,0.049,6.7,0.09,NA,NA,NA,NA,62.7,62.7,1547,18.93
Mulholland_et_al_2008,Camp,OR,Agricultural,2003-2005_usually_summers,yes,NA,113.4,0.252,5.88,0.08,NA,NA,NA,NA,54.2,54.2,4247,27.25
Mulholland_et_al_2008,Amazon,OR,Urban,2003-2005_usually_summers,yes,NA,24.99,0.067,6.45,0.06,NA,NA,NA,NA,2.4,2.4,100,232.06
Mulholland_et_al_2008,Potts,OR,Reference,2003-2005_usually_summers,yes,NA,19,0.078,2.92,0.08,NA,NA,NA,NA,69.3,69.3,2166,17.99
Mulholland_et_al_2008,Courtney,OR,Agricultural,2003-2005_usually_summers,yes,NA,34.68,0.188,3.32,0.06,NA,NA,NA,NA,96.6,96.6,552,113.67
Mulholland_et_al_2008,Periwinkle,OR,Urban,2003-2005_usually_summers,yes,NA,2.72,0.192,3.41,0,NA,NA,NA,NA,7.7,7.7,25,195.04
Mulholland_et_al_2008,Bisley,PR,Reference,2003-2005_usually_summers,yes,NA,12.52,0.099,3.2,0.04,NA,NA,NA,NA,170.7,170.7,969,24.07
Mulholland_et_al_2008,Grande,PR,Agricultural,2003-2005_usually_summers,yes,NA,12.35,0.067,1.02,0.18,NA,NA,NA,NA,275.8,275.8,1423,52.5
Mulholland_et_al_2008,Petunia,PR,Urban,2003-2005_usually_summers,yes,NA,4.67,0.108,1.8,0.02,NA,NA,NA,NA,997.1,997.1,1199,12.69
Mulholland_et_al_2008,RIT,PR,Reference,2003-2005_usually_summers,yes,NA,19.96,0.174,1.18,0.1,NA,NA,NA,NA,130.8,130.8,4949,20.51
Mulholland_et_al_2008,Maizales,PR,Agricultural,2003-2005_usually_summers,yes,NA,24.95,0.257,3.53,0.03,NA,NA,NA,NA,205.6,205.6,448,94.34
Mulholland_et_al_2008,Mtrib,PR,Urban,2003-2005_usually_summers,yes,NA,23.25,0.415,2.46,0.02,NA,NA,NA,NA,174.3,174.3,958,59.19
Mulholland_et_al_2008,Pared,PR,Reference,2003-2005_usually_summers,yes,NA,5.16,0.102,2.74,0.02,NA,NA,NA,NA,104.7,104.7,315,35.74
Mulholland_et_al_2008,Vaca,PR,Agricultural,2003-2005_usually_summers,yes,NA,111.91,0.94,1.96,0.06,NA,NA,NA,NA,445.7,445.7,8480,40.4
Mulholland_et_al_2008,Ceiba,PR,Urban,2003-2005_usually_summers,yes,NA,49.47,0.268,2.73,0.07,NA,NA,NA,NA,511.7,511.7,2323,54.12
Munn_and_Meyer_1990,Hugh_White_Creek,NC,cobble,Jul-87,no,2,4,NA,1.71,NA,NA,NA,NA,NA,6,20,500,0.07
Munn_and_Meyer_1990,Hugh_White_Creek,NC,gravel,Jul-87,no,2,5,NA,1.36,NA,NA,NA,NA,NA,6,20,600,0.86
Munn_and_Meyer_1990,Hugh_White_Creek,NC,debris_dam,Jul-87,no,2,4.2,NA,1.62,NA,NA,NA,NA,NA,6,20,1278,0.77
Munn_and_Meyer_1990,Hugh_White_Creek,NC,rock_outcrop,Jul-87,no,2,3.1,NA,1.61,NA,NA,NA,NA,NA,6,20,136,1.3
Munn_and_Meyer_1990,Watershed_2,NC,cobble,Jul-87,no,2,1.4,NA,1.11,NA,NA,NA,NA,NA,2,10,119,4.59
Munn_and_Meyer_1990,Watershed_2,NC,debris_dam,Jul-87,no,2,0.9,NA,1.3,NA,NA,NA,NA,NA,2,10,17,8.1
Munn_and_Meyer_1990,Watershed_2,NC,rock_outcrop,Jul-87,no,2,0.7,NA,1.29,NA,NA,NA,NA,NA,2,10,56,2.69
Newbold_et_al_2006,Bush_Kill,NY,NA,12-Jul-00,no,NA,600,0.23,12.9,0.21,9,NA,NA,2.94,98,NA,NA,NA
Newbold_et_al_2006,Bush_Kill,NY,NA,26-Jun-01,no,NA,1350,0.33,12.2,0.34,11,NA,NA,4.62,156,NA,NA,NA
Newbold_et_al_2006,Bush_Kill,NY,NA,18-Jun-02,no,NA,2980,0.39,13.9,0.55,12,NA,NA,4.38,91,NA,NA,NA
Newbold_et_al_2006,Cross,NY,NA,24-Aug-00,no,NA,160,0.17,8,0.12,6,NA,NA,3.36,224,NA,NA,NA
Newbold_et_al_2006,Cross,NY,NA,9-Oct-01,no,NA,70,0.19,5,0.07,6,NA,NA,4.26,2,NA,NA,NA
Newbold_et_al_2006,Cross,NY,NA,10-Sep-02,no,NA,80,0.16,5.5,0.09,12,NA,NA,2.22,105,NA,NA,NA
Newbold_et_al_2006,Esopus,NY,NA,18-Oct-00,no,NA,1700,0.27,19.1,0.33,9,NA,NA,6.72,46,NA,NA,NA
Newbold_et_al_2006,Esopus,NY,NA,5-Jun-01,no,NA,4370,0.34,22.8,0.56,8,NA,NA,3.72,183,NA,NA,NA
Newbold_et_al_2006,Esopus,NY,NA,4-Jun-02,no,NA,3160,0.3,20,0.53,14,NA,NA,4.8,92,NA,NA,NA
Newbold_et_al_2006,Kisco,NY,NA,27-Sep-00,no,NA,390,0.23,10.1,0.17,21,NA,NA,1.62,348,NA,NA,NA
Newbold_et_al_2006,Kisco,NY,NA,16-Oct-01,no,NA,170,0.17,9.4,0.11,5,NA,NA,2.28,206,NA,NA,NA
Newbold_et_al_2006,Kisco,NY,NA,8-Oct-02,no,NA,100,0.18,8.3,0.07,8,NA,NA,1.56,367,NA,NA,NA
Newbold_et_al_2006,M_Br_Croton,NY,NA,23-Oct-01,no,NA,90,0.13,7.8,0.09,4,NA,NA,4.32,85,NA,NA,NA
Newbold_et_al_2006,M_Br_Croton,NY,NA,27-Aug-02,no,NA,90,0.11,7.3,0.11,13,NA,NA,2.46,594,NA,NA,NA
Newbold_et_al_2006,Muscoot,NY,NA,30-Aug-00,no,NA,70,0.11,6.8,0.1,9,NA,NA,2.1,1220,NA,NA,NA
Newbold_et_al_2006,Muscoot,NY,NA,2-Oct-01,no,NA,100,0.11,7.6,0.12,10,NA,NA,1.38,994,NA,NA,NA
Newbold_et_al_2006,Muscoot,NY,NA,24-Sep-02,no,NA,30,0.11,6,0.05,10,NA,NA,2.1,1260,NA,NA,NA
Newbold_et_al_2006,Neversink,NY,NA,11-Oct-00,no,NA,1910,0.27,23.1,0.3,7,NA,NA,2.94,36,NA,NA,NA
Newbold_et_al_2006,Neversink,NY,NA,14-Aug-01,no,NA,870,0.27,15.7,0.21,8,NA,NA,3.84,191,NA,NA,NA
Newbold_et_al_2006,Neversink,NY,NA,6-Aug-02,no,NA,1110,0.39,17.1,0.17,8,NA,NA,4.32,162,NA,NA,NA
Newbold_et_al_2006,Roundout,NY,NA,19-Jul-00,no,NA,5910,0.44,21.6,0.63,6,NA,NA,,178,NA,NA,NA
Newbold_et_al_2006,Roundout,NY,NA,28-Aug-01,no,NA,390,0.19,14.7,0.14,5,NA,NA,4.5,256,NA,NA,NA
Newbold_et_al_2006,Roundout,NY,NA,24-Jul-02,no,NA,590,0.2,15.4,0.19,6,NA,NA,3.78,186,NA,NA,NA
Newbold_et_al_2006,Schoharie,NY,NA,4-Oct-00,no,NA,770,0.2,24.3,0.16,6,NA,NA,3,180,NA,NA,NA
Newbold_et_al_2006,Schoharie,NY,NA,31-Jul-01,no,NA,430,0.18,23.7,0.1,12,NA,NA,4.56,62,NA,NA,NA
Newbold_et_al_2006,Schoharie,NY,NA,20-Aug-02,no,NA,230,0.15,19.4,0.08,8,NA,NA,1.74,22,NA,NA,NA
Newbold_et_al_2006,WBrDelaware,NY,NA,25-Oct-00,no,NA,2210,0.35,21.7,0.29,14,NA,NA,2.94,866,NA,NA,NA
Newbold_et_al_2006,WBrDelaware,NY,NA,17-Jul-01,no,NA,870,0.24,19.8,0.18,17,NA,NA,2.28,832,NA,NA,NA
Niyogi_et_al_2004,Barbours,NEW ZEALAND,pristine_tussock,summer_2001,no,3,31,NA,NA,NA,NA,NA,NA,NA,1,21,45,23.1
Niyogi_et_al_2004,Barbours,NEW ZEALAND,pristine_tussock,winter_2001,no,3,60,NA,NA,NA,NA,NA,NA,NA,1,21,113,14.4
Niyogi_et_al_2004,Broad,NEW ZEALAND,developed_pasture,summer_2001,no,4,124,NA,NA,NA,NA,NA,NA,NA,168,188,735,2.22
Niyogi_et_al_2004,Broad,NEW ZEALAND,developed_pasture,winter_2001,no,4,187,NA,NA,NA,NA,NA,NA,NA,207,227,3563,1.14
Niyogi_et_al_2004,Dempsters,NEW ZEALAND,developed_pasture,summer_2001,no,4,15,NA,NA,NA,NA,NA,NA,NA,264,284,137,3.42
Niyogi_et_al_2004,Kye_Burn,NEW ZEALAND,pristine_tussock,summer_2001,no,1,8,NA,NA,NA,NA,NA,NA,NA,2,22,101,5.4
Niyogi_et_al_2004,Kye_Burn,NEW ZEALAND,pristine_tussock,winter_2001,no,1,40,NA,NA,NA,NA,NA,NA,NA,2,22,236,9.6
Niyogi_et_al_2004,Lee,NEW ZEALAND,developed_pasture,summer_2001,no,4,71,NA,NA,NA,NA,NA,NA,NA,96,116,805,1.98
Niyogi_et_al_2004,Little_Dempsters,NEW ZEALAND,developed_pasture,winter_2001,no,3,44,NA,NA,NA,NA,NA,NA,NA,14,34,957,1.08
Niyogi_et_al_2004,Stony,NEW ZEALAND,grazed_tussock,summer_2001,no,3,70,NA,NA,NA,NA,NA,NA,NA,1,21,616,2.76
Niyogi_et_al_2004,Sutton,NEW ZEALAND,grazed_tussock,summer_2001,no,3,26,NA,NA,NA,NA,NA,NA,NA,10,30,1212,0.48
Niyogi_et_al_2004,Sutton,NEW ZEALAND,grazed_tussock,winter_2001,no,3,80,NA,NA,NA,NA,NA,NA,NA,3,23,718,2.4
Roberts_et_al_2007,Bonham_Creek_2,GA,control-before,3-Sep,no,1,3.2,0.11,0.83,0.04,6.6,65.9,133,1.8,NA,NA,NA,NA
Roberts_et_al_2007,Bonham_Creek_2,GA,control-after,3-Oct,no,1,7.3,0.15,0.9,0.05,4.1,77.4,270,1.86,NA,NA,NA,NA
Roberts_et_al_2007,Hollace_Branch_Creek,GA,control-before,3-Sep,no,2,17.8,0.12,1.8,0.08,3.1,45.5,417,0.84,NA,NA,NA,NA
Roberts_et_al_2007,Hollace_Branch_Creek,GA,control-after,3-Oct,no,2,15.2,0.13,1.93,0.06,9.4,53.6,385,1.02,NA,NA,NA,NA
Roberts_et_al_2007,Bonham_Creek_1,GA,control-before,3-Sep,no,2,7.3,0.14,1.34,0.04,1.8,41.6,213,1.56,NA,NA,NA,NA
Roberts_et_al_2007,Bonham_Creek_1,GA,control-after,3-Oct,no,2,11.5,0.18,1.28,0.04,5.3,52.7,357,1.56,NA,NA,NA,NA
Roberts_et_al_2007,Sally_Branch_4,GA,control-before,3-Sep,no,1,7.6,0.06,1.24,0.11,19.2,48.8,0,0,NA,NA,NA,NA
Roberts_et_al_2007,Sally_Branch_4,GA,control-after,3-Oct,no,1,9,0.06,1.55,0.09,17.9,69.7,0,0,NA,NA,NA,NA
Roberts_et_al_2007,Kings_Mill_Creek_1,GA,CWD-before,3-Sep,no,2,27.6,0.14,2.03,0.1,3.7,42.3,625,1.38,NA,NA,NA,NA
Roberts_et_al_2007,Kings_Mill_Creek_1,GA,CWD-after,3-Oct,no,2,23,0.15,2.21,0.07,4.7,51.3,345,1.8,NA,NA,NA,NA
Roberts_et_al_2007,Sally_Branch_2,GA,CWD-before,3-Sep,no,2,14.1,0.07,1.5,0.13,6.1,55.7,1667,0.36,NA,NA,NA,NA
Roberts_et_al_2007,Sally_Branch_2,GA,CWD-after,3-Oct,no,2,13.7,0.1,1.82,0.08,9,50.9,556,0.84,NA,NA,NA,NA
Roberts_et_al_2007,Sally_Branch_3,GA,CWD-before,3-Sep,no,1,5.6,0.05,1.19,0.09,6.4,54.3,370,0.78,NA,NA,NA,NA
Roberts_et_al_2007,Sally_Branch_3,GA,CWD-after,3-Oct,no,1,5.3,0.07,1.34,0.06,3.4,46.6,256,0.96,NA,NA,NA,NA
Roberts_et_al_2007,Little_Pine_Knot_Creek,GA,CWD-before,3-Sep,no,1,3.3,0.04,0.89,0.1,4.1,59.3,714,0.3,NA,NA,NA,NA
Roberts_et_al_2007,Little_Pine_Knot_Creek,GA,CWD-after,3-Oct,no,1,4.8,0.05,1.07,0.09,5.2,82.6,476,0.78,NA,NA,NA,NA
Simon_et_al_2007,Kye_Burn,NEW ZEALAND,east_tributary,day_1_2002,yes,1,12,0.13,1.62,NA,2.4,NA,38,15,1.4,NA,50,11.4
Simon_et_al_2007,Kye_Burn,NEW ZEALAND,east_tributary,day_7_2002,yes,1,12,0.13,1.62,NA,2.4,NA,34,13.8,1.4,NA,113,4.2
Simon_et_al_2007,Kye_Burn,NEW ZEALAND,north_tributary,day_1_2002,yes,1,6,0.09,2.08,NA,3.1,NA,17,15,3.2,NA,177,1.8
Simon_et_al_2007,Kye_Burn,NEW ZEALAND,north_tributary,day_7_2002,yes,1,6,0.09,2.08,NA,3.1,NA,17,11.4,3.2,NA,287,0.6
Simon_et_al_2007,Stony,NEW ZEALAND,grazed_tussock,day_1_2002,yes,3,104,0.15,3.87,NA,7.3,NA,134,11.4,1,NA,NA,NA
Simon_et_al_2007,Stony,NEW ZEALAND,grazed_tussock,day_7_2002,yes,3,104,0.15,3.87,NA,7.3,NA,200,7.8,1,NA,1121,1.2
Simon_et_al_2007,Sutton,NEW ZEALAND,grazed_tussock,day_1_2002,yes,3,44,0.15,2.86,NA,5.7,NA,101,9,6.6,NA,34,25.8
Simon_et_al_2007,Sutton,NEW ZEALAND,grazed_tussock,day_7_2002,yes,3,44,0.15,2.86,NA,5.7,NA,NA,NA,6.6,NA,NA,NA
Simon_et_al_2007,Broad,NEW ZEALAND,developed_pasture,day_1_2002,yes,4,190,0.26,3.08,NA,12.3,NA,1198,3.6,82.6,NA,NA,NA
Simon_et_al_2007,Broad,NEW ZEALAND,developed_pasture,day_7_2002,yes,4,190,0.26,3.08,NA,12.3,NA,NA,NA,82.6,NA,NA,NA
Simon_et_al_2007,Crookston,NEW ZEALAND,developed_pasture,day_1_2002,yes,NA,96,0.22,2.06,NA,12.5,NA,510,7.2,837,NA,NA,NA
Simon_et_al_2007,Crookston,NEW ZEALAND,developed_pasture,day_7_2002,yes,NA,96,0.22,2.06,NA,12.5,NA,NA,NA,837,NA,NA,NA
Simon_et_al_2007,Lovells,NEW ZEALAND,developed_pasture,day_1_2002,yes,NA,48,0.16,2.18,NA,13.4,NA,269,8.4,212,NA,608,3.6
Simon_et_al_2007,Lovells,NEW ZEALAND,developed_pasture,day_7_2002,yes,NA,48,0.16,2.18,NA,13.4,NA,188,6.6,212,NA,3104,0.6
Simon_et_al_2005,Kye_Burn,NEW ZEALAND,east_tributary,8-Oct-00,no,1,7.2,0.11,1.4,0.09,2.9,NA,60,17.39,1.9,NA,188,3.47
Simon_et_al_2005,Kye_Burn,NEW ZEALAND,north_tributary,8-Oct-00,no,1,9.2,0.15,1.5,0.12,2.4,NA,40,26.82,1.1,NA,126,6.94
Simon_et_al_2005,Kye_Burn,NEW ZEALAND,east_tributary,12-Nov-00,no,1,1.2,0.11,1.4,0.09,2.1,NA,27,22.15,4.5,NA,70,8.64
Simon_et_al_2005,Kye_Burn,NEW ZEALAND,north_tributary,12-Nov-00,no,1,1.9,0.15,1.5,0.12,1.4,NA,29,23.46,1.2,NA,58,12.42
Simon_et_al_2005,Kye_Burn,NEW ZEALAND,east_tributary,10-Dec-00,no,1,4.5,0.11,1.4,0.09,4.2,NA,36,17.54,3.1,NA,94,5.05
Simon_et_al_2005,Kye_Burn,NEW ZEALAND,north_tributary,10-Dec-00,no,1,6.4,0.15,1.5,0.12,3.4,NA,40,22.85,1.1,NA,82,11.09
Simon_et_al_2005,Kye_Burn,NEW ZEALAND,east_tributary,23-Jan-01,no,1,5.8,0.11,1.4,0.09,2.4,NA,19,22.81,6.5,NA,272,1.22
Simon_et_al_2005,Kye_Burn,NEW ZEALAND,north_tributary,23-Jan-01,no,1,3.3,0.15,1.5,0.12,1.7,NA,33,16.57,2.3,NA,147,3.7
Simon_et_al_2005,Kye_Burn,NEW ZEALAND,east_tributary,4-Feb-01,no,1,3.5,0.11,1.4,0.09,5.2,NA,33,9.06,5,NA,151,2.54
Simon_et_al_2005,Kye_Burn,NEW ZEALAND,north_tributary,4-Feb-01,no,1,26,0.15,1.5,0.12,7,NA,18,29.53,2,NA,142,4.31
Simon_et_al_2005,Kye_Burn,NEW ZEALAND,east_tributary,6-Mar-01,no,1,1.1,0.11,1.4,0.09,3.4,NA,28,10.24,10.1,NA,95,3.06
Simon_et_al_2005,Kye_Burn,NEW ZEALAND,north_tributary,6-Mar-01,no,1,8.2,0.15,1.5,0.12,3.9,NA,22,15.25,2.8,NA,130,2.59
Simon_et_al_2005,Kye_Burn,NEW ZEALAND,east_tributary,4-Apr-01,no,1,1.3,0.11,1.4,0.09,5.4,NA,40,4.78,13,NA,124,1.54
Simon_et_al_2005,Kye_Burn,NEW ZEALAND,north_tributary,4-Apr-01,no,1,4.6,0.15,1.5,0.12,3.8,NA,45,7.28,3.8,NA,203,1.6
Simon_et_al_2005,Kye_Burn,NEW ZEALAND,east_tributary,15-May-01,no,1,3.4,0.11,1.4,0.09,3,NA,63,7.14,5.9,NA,422,1.07
Simon_et_al_2005,Kye_Burn,NEW ZEALAND,north_tributary,15-May-01,no,1,1.7,0.15,1.5,0.12,2.1,NA,76,10.07,8.2,NA,501,1.52
Simon_et_al_2005,Kye_Burn,NEW ZEALAND,east_tributary,29-Jun-01,no,1,3.6,0.11,1.4,0.09,5.3,NA,344,6.21,1.7,NA,226,4.83
Simon_et_al_2005,Kye_Burn,NEW ZEALAND,north_tributary,29-Jun-01,no,1,6.5,0.15,1.5,0.12,5.4,NA,305,4.29,3.3,NA,292,3.25
Simon_et_al_2005,Kye_Burn,NEW ZEALAND,east_tributary,29-Jul-01,no,1,11.9,0.11,1.4,0.09,3.9,NA,47,29.16,4,NA,455,2.15
Simon_et_al_2005,Kye_Burn,NEW ZEALAND,north_tributary,29-Jul-01,no,1,10.3,0.15,1.5,0.12,3.7,NA,39,71.14,7.4,NA,630,3
Simon_et_al_2005,Kye_Burn,NEW ZEALAND,east_tributary,28-Aug-01,no,1,15.5,0.11,1.4,0.09,3.6,NA,111,8.73,1.7,NA,705,1.2
Simon_et_al_2005,Kye_Burn,NEW ZEALAND,north_tributary,28-Aug-01,no,1,3.6,0.15,1.5,0.12,2.4,NA,81,22.83,2,NA,214,7.32
Simon_et_al_2005,Kye_Burn,NEW ZEALAND,east_tributary,23-Sep-01,no,1,6.5,0.11,1.4,0.09,1.8,NA,19,20.91,1.3,NA,88,4.55
Simon_et_al_2005,Kye_Burn,NEW ZEALAND,north_tributary,23-Sep-01,no,1,3.5,0.15,1.5,0.12,0.5,NA,30,20.1,0.5,NA,96,6.21
Simon_et_al_2004,Kye_Burn,NEW ZEALAND,Galax,Mar-00,yes,1,23.6,0.14,1.4,NA,3,NA,22,43.2,2,NA,547,1.8
Simon_et_al_2004,Kye_Burn,NEW ZEALAND,Trout,Mar-00,yes,1,35.6,0.19,1.4,NA,2,NA,30,52.2,3,NA,58,27
Simon_et_al_2004,Kye_Burn,NEW ZEALAND,Galax,2-Feb,yes,1,9.1,0.14,1.4,NA,2,NA,17,15,3,NA,17,1.8
Simon_et_al_2004,Kye_Burn,NEW ZEALAND,Trout,2-Feb,yes,1,15.3,0.19,1.4,NA,1,NA,38,15,1,NA,38,11.4
Sweeney_et_al_2004, BigSprings ,, Forest , 03APR98 ,no,NA,33,NA,3.2,NA,9,NA,445,1.39,,,,
Sweeney_et_al_2004, BigSprings ,, Meadow , 03APR98 ,no,NA,45,NA,1.5,NA,6,NA,857,2.1,,,,
Sweeney_et_al_2004, BirchRun ,, Forest , 18JUN98 ,no,NA,117,NA,6.4,NA,10,NA,866,1.27,,,,
Sweeney_et_al_2004, BirchRun ,, Meadow , 18JUN98 ,no,NA,99,NA,2.1,NA,16,NA,NA,NA,,,,
Sweeney_et_al_2004, BirchRun ,, Forest , 19NOV98 ,no,NA,35,NA,6.3,NA,4,NA,143,2.33,,,,
Sweeney_et_al_2004, BirchRun ,, Meadow , 19NOV98 ,no,NA,32,NA,1.9,NA,3,NA,629,1.61,,,,
Sweeney_et_al_2004, DoeWister ,, Forest , 08JUN99 ,no,NA,220,NA,7.7,NA,30,NA,348,4.93,,,,
Sweeney_et_al_2004, DoeWister ,, Meadow , 08JUN99 ,no,NA,190,NA,5.8,NA,36,NA,2818,0.7,,,,
Sweeney_et_al_2004, Fishers ,, Forest , 09JUN98 ,no,NA,144,NA,5,NA,8,NA,582,2.97,,,,
Sweeney_et_al_2004, Fishers ,, Meadow , 09JUN98 ,no,NA,219,NA,4.1,NA,4,NA,845,3.79,,,,
Sweeney_et_al_2004, Fishers ,, Forest , 27JAN99 ,no,NA,178,NA,5.6,NA,16,NA,3241,0.59,,,,
Sweeney_et_al_2004, Fishers ,, Meadow , 27JAN99 ,no,NA,187,NA,4.1,NA,16,NA,1842,1.49,,,,
Sweeney_et_al_2004, Gramies ,, Forest , 02SEP99 ,no,NA,12,NA,3.6,NA,5,NA,278,0.72,,,,
Sweeney_et_al_2004, Gramies ,, Meadow , 01SEP99 ,no,NA,12,NA,2,NA,9,NA,208,1.73,,,,
Sweeney_et_al_2004, Hannums ,, Forest , 17MAR98 ,no,NA,12,NA,2.5,NA,14,NA,287,1,,,,
Sweeney_et_al_2004, Hannums ,, Meadow , 17MAR98 ,no,NA,14,NA,0.8,NA,8,NA,896,1.17,,,,
Sweeney_et_al_2004, Hannums ,, Forest , 13MAY98 ,no,NA,13,NA,2.8,NA,25,NA,221,1.26,,,,
Sweeney_et_al_2004, Hannums ,, Meadow , 13MAY98 ,no,NA,16,NA,0.9,NA,44,NA,1127,0.95,,,,
Sweeney_et_al_2004, Moorheads ,, Forest , 21MAY98 ,no,NA,13,NA,2.3,NA,15,NA,346,0.98,,,,
Sweeney_et_al_2004, Moorheads ,, Meadow , 21MAY98 ,no,NA,20,NA,1.1,NA,33,NA,126,8.66,,,,
Sweeney_et_al_2004, Moorheads ,, Forest , 06NOV98 ,no,NA,5,NA,3.2,NA,6,NA,56,1.67,,,,
Sweeney_et_al_2004, Moorheads ,, Meadow , 06NOV98 ,no,NA,9,NA,1.2,NA,4,NA,112,4.02,,,,
Sweeney_et_al_2004, Pocopson ,, Forest , 10JUL98 ,no,NA,190,NA,7.9,NA,28,NA,247,5.84,,,,
Sweeney_et_al_2004, Pocopson ,, Meadow , 10JUL98 ,no,NA,192,NA,5.2,NA,17,NA,3269,0.68,,,,
Sweeney_et_al_2004, Pocopson ,, Forest , 10FEB99 ,no,NA,218,NA,8,NA,27,NA,777,2.1,,,,
Sweeney_et_al_2004, Pocopson ,, Meadow , 10FEB99 ,no,NA,270,NA,4.6,NA,24,NA,2657,1.33,,,,
Sweeney_et_al_2004, Teters ,, Forest , 15APR98 ,no,NA,34,NA,2.9,NA,14,NA,625,1.13,,,,
Sweeney_et_al_2004, Teters ,, Meadow , 15APR98 ,no,NA,49,NA,1.6,NA,10,NA,3094,0.59,,,,
Sweeney_et_al_2004, WestBrWCC ,, Forest , 26JUN98 ,no,NA,11,NA,2.8,NA,17,NA,228,1.03,,,,
Sweeney_et_al_2004, WestBrWCC ,, Meadow , 26JUN98 ,no,NA,14,NA,1.3,NA,16,NA,440,1.47,,,,
Sweeney_et_al_2004, WestBrWCC ,, Forest , 09DEC98 ,no,NA,7,NA,2.9,NA,4,NA,74,1.96,,,,
Sweeney_et_al_2004, WestBrWCC ,, Meadow , 09DEC98 ,no,NA,9,NA,1.3,NA,3,NA,143,2.9,,,,
Sweeney_et_al_2004, Wests ,, Forest , 29APR98 ,no,NA,18,NA,2.7,NA,10,NA,245,1.63,,,,
Sweeney_et_al_2004, Wests ,, Meadow , 29APR98 ,no,NA,23,NA,1.3,NA,10,NA,927,1.15,,,,
Sweeney_et_al_2004, WhiteClayCr ,, Forest , 26FEB98 ,no,NA,118,NA,4.8,NA,16,NA,769,1.92,,,,
Sweeney_et_al_2004, WhiteClayCr ,, Meadow , 26FEB98 ,no,NA,158,NA,2.9,NA,17,NA,NA,NA,,,,
Sweeney_et_al_2004, WhiteClayCr ,, Forest , 08JUN00 ,no,NA,110,NA,5.3,NA,20,NA,699,1.78,,,,
Sweeney_et_al_2004, WhiteClayCr ,, Meadow , 08JUN00 ,no,NA,105,NA,3,NA,19,NA,1355,1.55,,,,
Tank_2006_unpublished,Marae,NEW ZEALAND,NA,NA,no,NA,33,NA,0.9,NA,NA,NA,NA,NA,10.4,NA,1351,NA
Tank_2006_unpublished,Tupatomatua,NEW ZEALAND,NA,NA,no,NA,45,NA,2,NA,NA,NA,NA,NA,214.4,NA,5467.4,NA
Tank_2006_unpublished,Waihi,NEW ZEALAND,NA,NA,no,NA,117,NA,1.5,NA,NA,NA,NA,NA,18,NA,3499.4,NA
Tank_2006_unpublished,Longwaite_Trib,NEW ZEALAND,NA,NA,no,NA,99,NA,0.4,NA,NA,NA,NA,NA,51.2,NA,673.5,NA
Tank_2006_unpublished,Schole_Pasture,NEW ZEALAND,NA,NA,no,NA,35,NA,0.6,NA,NA,NA,NA,NA,2.4,NA,740.4,NA
Tank_2006_unpublished,Hautu,NEW ZEALAND,NA,NA,no,NA,32,NA,1.2,NA,NA,NA,NA,NA,362.2,NA,6071.6,NA
Tank_2006_unpublished,Whangamata,NEW ZEALAND,NA,NA,no,NA,220,NA,2.3,NA,NA,NA,NA,NA,1110,NA,12034.8,NA
Tank_2006_unpublished,Mapara,NEW ZEALAND,NA,NA,no,NA,190,NA,2,NA,NA,NA,NA,NA,636.4,NA,255.9,NA
Tank_2006_unpublished,Tutaeuaua_Flax,NEW ZEALAND,NA,NA,no,NA,144,NA,1.8,NA,NA,NA,NA,NA,192.2,NA,653.5,NA
Tank_2006_unpublished,Schole_Pine,NEW ZEALAND,NA,NA,no,NA,219,NA,0.9,NA,NA,NA,NA,NA,4.6,NA,490.5,NA
Tank_2006_unpublished,Tutaeuaua_Pine,NEW ZEALAND,NA,NA,no,NA,178,NA,1.4,NA,NA,NA,NA,NA,99.4,NA,673.8,NA
Tank_2006_unpublished,Waitotara,NEW ZEALAND,NA,NA,no,NA,187,NA,1.2,NA,NA,NA,NA,NA,315.6,NA,1583.6,NA
Tank_2006_unpublished,Waitetoko,NEW ZEALAND,NA,NA,no,NA,28,NA,1.7,NA,NA,NA,NA,NA,95,NA,1640.6,NA
Tank_et_al_2008,Snake,WY,,5-Jul,no,7,33,NA,41,NA,5,,2000,9.3,5.2,,2500,7.4
Tank_et_al_2000,Upper_Ball_Creek,NC,NA,3-Nov-96,yes,2,12,0.1,2.7,0.143,3,3,28,44.4,1,1,117,5.56
Tank_et_al_2000,Upper_Ball_Creek,NC,NA,14-Oct-96,no,2,12,0.1,2.7,0.205,3,22.5,65,18.92,2,15,199,6.18
Tank_et_al_2000,Upper_Ball_Creek,NC,NA,23-Nov-96,yes,2,12,0.1,2.7,0.155,3.4,3.4,86,16.2,1,NA,NA,NA
Tank_et_al_2000,Upper_Ball_Creek,NC,NA,13-Dec-96,yes,2,14,0.1,2.7,0.18,3.5,3.5,103,16.8,4,NA,NA,NA
Taylor_2006,Rio_las_Marias,VENEZUELA,reference,NA,yes,4,13,0.094,6.48,0.16,7.7,NA,491,1.9,10.2,NA,9085,0.16
Taylor_2006,Rio_las_Marias,VENEZUELA,fish_exclosed,NA,yes,4,16,0.082,7.84,0.227,6.9,NA,396,2.85,9.2,NA,732,2.14
Thomas_et_al_2003,Snake_Den_Branch,NC,NA,Aug-99,yes,2,13,0.047,1.13,0.05,NA,NA,NA,NA,11.7,11.7,73,1.91
Thomas_et_al_2003,Snake_Den_Branch,NC,NA,Apr-00,yes,2,20,0.051,1.12,0.083,NA,NA,NA,NA,3.7,3.7,75,3.42
Triska_et_al_1989,Little_Lost_Man_Creek,CA,reach_1,20-Aug-79,no,3,5,0.1,3.5,0.019,1.5,NA,NA,NA,34,225,171,0.67
Triska_et_al_1989,Little_Lost_Man_Creek,CA,reach_2,20-Aug-79,no,3,9,0.17,2.9,0.014,1.5,NA,NA,NA,38,209,236,0.61
Triska_et_al_1989,Little_Lost_Man_Creek,CA,reach_3,20-Aug-79,no,3,190,0.26,2.3,0.012,1.5,NA,NA,NA,41,187,2013,0.09
Triska_et_al_1989,Little_Lost_Man_Creek,CA,reach_4,20-Aug-79,no,3,192,0.26,2.3,0.012,1.5,NA,NA,NA,41,182,501,0.37
Valett_et_al_1996,Aspen_Creek,NM,sandstone,Aug-92,no,1,218,NA,NA,NA,34,NA,NA,NA,44,281.6,1178,NA
Valett_et_al_1996,Gallina_Creek,NM,granite,Sep-92,no,1,270,NA,NA,0.013,17,NA,NA,NA,5,120,133,NA
Valett_et_al_1996,Gallina_Creek,NM,granite,Jul-93,no,1,34,NA,NA,0.107,NA,NA,NA,NA,NA,NA,205,NA
Valett_et_al_1996,Gallina_Creek,NM,granite,Jan-93,no,1,49,NA,NA,0.208,NA,NA,NA,NA,NA,NA,738,NA
Valett_et_al_1996,Gallina_Creek,NM,granite,May-93,no,1,11,NA,NA,0.025,NA,NA,NA,NA,NA,NA,3183,NA
Valett_et_al_1996,Rio_Calaveras,NM,volcanic_tuff,Jul-92,no,1,14,NA,NA,NA,41,NA,NA,NA,145,986,782,NA
Webster_et_al_2003,Bear_Brook,NH,NA,16-Jun-97,no/yes,3,7,0.098,2.2,0.021,4,4,14,7.14,57.4,57.4,102,1.21
Webster_et_al_2003,E1_Creek,AK,NA,30-Jun-97,no/yes,2,9,0.12,1.5,0.123,1.4,1.4,40,12.48,35.7,35.7,271,3.27
Webster_et_al_2003,Gallina_Creek,NM,granite,25-Aug-97,no/yes,1,18,0.039,1.3,0.083,5,5,21,9.24,7.5,7.5,78,2.5
Webster_et_al_2003,Little_Miami_River,MI,East_Fork,11-Aug-98,no/yes,5,23,0.23,14.6,0.257,31.1,31.1,475,7.32,543.5,543.5,380,9.33
Webster_et_al_2003,Sycamore_Creek,AZ,NA,4-Jan-97,no/yes,4,118,0.088,6.2,0.221,2,2,47,15.3,16.8,16.8,129,9.05
Wilcock_2002,Toenepi_Stream,NA,shade,Jan-00,no,3,158,NA,NA,0.002,NA,NA,100,NA,NA,NA,60,NA
Wilcock_2002,Toenepi_Stream,NA,reference,Jan-00,no,3,110,NA,NA,0.008,NA,NA,395,NA,NA,NA,220,NA
Wollheim_et_al_2001,E1_Creek,AK,tundra,Jun-97,yes,2,105,0.06,,0.16,1.4,1.4,40,14.4,36.4,,,
Wollheim_et_al_2001,Blueberry_Creek,AK,lake_outlet,Jun-94,yes,2,287,0.2,5.13,0.28,4.2,4.2,152,22.1,4.2,NA,NA,NA
Wollheim_et_al_2001,Imnavait_Creek,AK,beaded/peaty,Jun-95,yes,2,29,0.57,2.54,0.02,4.9,4.9,70,9.78,2.8,NA,NA,NA
Wollheim_et_al_2001,Kuparuk_River,AK,reference,Jun-91,yes,4,1720,0.58,11.4,0.26,2.8,2.8,454,19.4,14,NA,NA,NA
Wollheim_et_al_2001,Kuparuk_River,AK,fertilized,Jun-94,yes,4,5010,0.79,9.06,0.7,2.1,2.1,278,119.4,7,NA,NA,NA
Wollheim_et_al_2001,Kuparuk_River,AK,lower,Jun-96,yes,5,18300,0.91,55.86,0.36,3.5,3.5,5360,3.67,16.8,NA,NA,NA
